State,County,Q1 2026 % Underwater,Q1 2025 % underwater,2025_pct,2026_pct,Change,Report
Mississippi,Rankin,0.1171922935329488,0.043656980864635,4.3656980864635,11.71922935329488,7.3535312668313795,"- **Rankin, Mississippi**: +7.4% (from 4.4% to 11.7%)"
Mississippi,Madison,0.1012412902034977,0.0408400315941086,4.084003159410861,10.12412902034977,6.040125860938909,"- **Madison, Mississippi**: +6.0% (from 4.1% to 10.1%)"
Louisiana,Tangipahoa,0.1499956773580012,0.0911740963315095,9.117409633150949,14.99956773580012,5.882158102649171,"- **Tangipahoa, Louisiana**: +5.9% (from 9.1% to 15.0%)"
Louisiana,Jefferson,0.1313472762645914,0.0772169840389474,7.721698403894741,13.134727626459139,5.413029222564398,"- **Jefferson, Louisiana**: +5.4% (from 7.7% to 13.1%)"
Louisiana,Ouachita,0.1740760842749296,0.1284687514874577,12.84687514874577,17.40760842749296,4.56073327874719,"- **Ouachita, Louisiana**: +4.6% (from 12.8% to 17.4%)"
Hawaii,Maui,0.0441622553976089,0.0093788027186655,0.9378802718665501,4.41622553976089,3.47834526789434,"- **Maui, Hawaii**: +3.5% (from 0.9% to 4.4%)"
Virginia,Albemarle,0.0652229560231403,0.0336521064874644,3.3652106487464404,6.5222956023140295,3.157084953567589,"- **Albemarle, Virginia**: +3.2% (from 3.4% to 6.5%)"
Louisiana,Calcasieu,0.171188475390156,0.1398432611222026,13.984326112220261,17.1188475390156,3.13452142679534,"- **Calcasieu, Louisiana**: +3.1% (from 14.0% to 17.1%)"
South Carolina,Sumter,0.0643231114435303,0.0401624548736462,4.016245487364619,6.432311144353029,2.41606565698841,"- **Sumter, South Carolina**: +2.4% (from 4.0% to 6.4%)"
Maryland,Baltimore City,0.1004456774214729,0.0763400241957385,7.63400241957385,10.04456774214729,2.41056532257344,"- **Baltimore City, Maryland**: +2.4% (from 7.6% to 10.0%)"
Florida,Marion,0.0489573593685446,0.0256941798704645,2.56941798704645,4.89573593685446,2.32631794980801,"- **Marion, Florida**: +2.3% (from 2.6% to 4.9%)"
North Carolina,Harnett,0.0434637801831806,0.0244004295430139,2.44004295430139,4.3463780183180605,1.9063350640166705,"- **Harnett, North Carolina**: +1.9% (from 2.4% to 4.3%)"
Indiana,Lake,0.0438691973473587,0.0254918259905791,2.54918259905791,4.38691973473587,1.8377371356779602,"- **Lake, Indiana**: +1.8% (from 2.5% to 4.4%)"
Tennessee,Hamilton,0.0432901459205082,0.0249637189270165,2.4963718927016503,4.32901459205082,1.8326426993491696,"- **Hamilton, Tennessee**: +1.8% (from 2.5% to 4.3%)"
Florida,Sarasota,0.03420455170355,0.0166139177435684,1.66139177435684,3.4204551703550004,1.7590633959981603,"- **Sarasota, Florida**: +1.8% (from 1.7% to 3.4%)"
Kentucky,Hardin,0.0933200315916365,0.0759133579875645,7.59133579875645,9.33200315916365,1.7406673604071994,"- **Hardin, Kentucky**: +1.7% (from 7.6% to 9.3%)"
Georgia,Lowndes,0.0663993285461158,0.0492547906316536,4.925479063165359,6.63993285461158,1.7144537914462203,"- **Lowndes, Georgia**: +1.7% (from 4.9% to 6.6%)"
New York,Jefferson,0.0475654376583169,0.0311248999199359,3.11248999199359,4.75654376583169,1.6440537738381003,"- **Jefferson, New York**: +1.6% (from 3.1% to 4.8%)"
Maryland,Prince George's County,0.0389159042830847,0.0228021050903419,2.28021050903419,3.8915904283084704,1.6113799192742801,"- **Prince George's County, Maryland**: +1.6% (from 2.3% to 3.9%)"
Alabama,Morgan,0.0440982307895431,0.0282241908916885,2.82241908916885,4.40982307895431,1.58740398978546,"- **Morgan, Alabama**: +1.6% (from 2.8% to 4.4%)"
Oklahoma,Comanche,0.1096678330057997,0.0938765552573798,9.38765552573798,10.96678330057997,1.5791277748419894,"- **Comanche, Oklahoma**: +1.6% (from 9.4% to 11.0%)"
Illinois,Macon,0.1008266006631485,0.0852193884874874,8.521938848748741,10.08266006631485,1.5607212175661083,"- **Macon, Illinois**: +1.6% (from 8.5% to 10.1%)"
Arkansas,Pulaski,0.084598294629448,0.0694145893829115,6.9414589382911505,8.4598294629448,1.5183705246536494,"- **Pulaski, Arkansas**: +1.5% (from 6.9% to 8.5%)"
Mississippi,De Soto,0.0728961627778392,0.0577478779122268,5.77478779122268,7.28961627778392,1.5148284865612398,"- **De Soto, Mississippi**: +1.5% (from 5.8% to 7.3%)"
Texas,Midland,0.0365244503833794,0.0216251191935703,2.16251191935703,3.6524450383379397,1.4899331189809097,"- **Midland, Texas**: +1.5% (from 2.2% to 3.7%)"
District of Columbia,District Of Columbia,0.0526454711101272,0.0378886231636487,3.7888623163648703,5.26454711101272,1.47568479464785,"- **District Of Columbia, District of Columbia**: +1.5% (from 3.8% to 5.3%)"
Georgia,Douglas,0.0380609851446442,0.0238531530393024,2.38531530393024,3.80609851446442,1.42078321053418,"- **Douglas, Georgia**: +1.4% (from 2.4% to 3.8%)"
Pennsylvania,Philadelphia,0.0896530894634441,0.0758818660139194,7.58818660139194,8.96530894634441,1.3771223449524692,"- **Philadelphia, Pennsylvania**: +1.4% (from 7.6% to 9.0%)"
Illinois,Rock Island,0.0689550926180399,0.0552420797665905,5.52420797665905,6.895509261803991,1.3713012851449404,"- **Rock Island, Illinois**: +1.4% (from 5.5% to 6.9%)"
Indiana,Madison,0.0609153906801112,0.0473534045905548,4.73534045905548,6.09153906801112,1.3561986089556406,"- **Madison, Indiana**: +1.4% (from 4.7% to 6.1%)"
Florida,Pinellas,0.0301722141421253,0.0166686741964476,1.66686741964476,3.01722141421253,1.3503539945677703,"- **Pinellas, Florida**: +1.4% (from 1.7% to 3.0%)"
Arkansas,Saline,0.0533114227844231,0.0399281839116349,3.99281839116349,5.33114227844231,1.3383238872788201,"- **Saline, Arkansas**: +1.3% (from 4.0% to 5.3%)"
North Carolina,Durham,0.0314989085967879,0.0183551424003789,1.83551424003789,3.1498908596787905,1.3143766196409004,"- **Durham, North Carolina**: +1.3% (from 1.8% to 3.1%)"
Maryland,Washington,0.047672061888042,0.0346126203823487,3.46126203823487,4.7672061888042006,1.3059441505693306,"- **Washington, Maryland**: +1.3% (from 3.5% to 4.8%)"
Alabama,Madison,0.0381588439761274,0.0251392942425046,2.5139294242504597,3.8158843976127397,1.30195497336228,"- **Madison, Alabama**: +1.3% (from 2.5% to 3.8%)"
Texas,Lubbock,0.0621503124693256,0.0491822787392472,4.91822787392472,6.2150312469325595,1.2968033730078394,"- **Lubbock, Texas**: +1.3% (from 4.9% to 6.2%)"
Illinois,Saint Clair,0.0893314031780231,0.0765064319566689,7.650643195666889,8.93314031780231,1.282497122135421,"- **Saint Clair, Illinois**: +1.3% (from 7.7% to 8.9%)"
West Virginia,Monongalia,0.0575327436055681,0.0447866132320888,4.47866132320888,5.75327436055681,1.2746130373479305,"- **Monongalia, West Virginia**: +1.3% (from 4.5% to 5.8%)"
North Carolina,Buncombe,0.0280446637237081,0.0160876849478209,1.60876849478209,2.8044663723708103,1.1956978775887204,"- **Buncombe, North Carolina**: +1.2% (from 1.6% to 2.8%)"
Florida,Volusia,0.0290453974165783,0.0170902538813775,1.70902538813775,2.90453974165783,1.19551435352008,"- **Volusia, Florida**: +1.2% (from 1.7% to 2.9%)"
Florida,Charlotte,0.0640260273539909,0.0520819497941293,5.20819497941293,6.402602735399091,1.1944077559861608,"- **Charlotte, Florida**: +1.2% (from 5.2% to 6.4%)"
Kentucky,Jefferson,0.0524671651478293,0.0406018258238963,4.06018258238963,5.24671651478293,1.1865339323933002,"- **Jefferson, Kentucky**: +1.2% (from 4.1% to 5.2%)"
Texas,Webb,0.0349689615372617,0.0231740658768389,2.31740658768389,3.49689615372617,1.17948956604228,"- **Webb, Texas**: +1.2% (from 2.3% to 3.5%)"
Louisiana,Orleans,0.0941335435198739,0.0823585810162991,8.23585810162991,9.413354351987389,1.1774962503574784,"- **Orleans, Louisiana**: +1.2% (from 8.2% to 9.4%)"
Georgia,Bibb,0.0667750505571196,0.0550773122271633,5.5077312227163295,6.67750505571196,1.1697738329956309,"- **Bibb, Georgia**: +1.2% (from 5.5% to 6.7%)"
Florida,Manatee,0.0255425754976445,0.0138726910199014,1.38726910199014,2.55425754976445,1.1669884477743102,"- **Manatee, Florida**: +1.2% (from 1.4% to 2.6%)"
Illinois,Champaign,0.0679572996242566,0.0564943630073915,5.649436300739151,6.795729962425661,1.14629366168651,"- **Champaign, Illinois**: +1.1% (from 5.6% to 6.8%)"
Florida,Polk,0.0299179596932405,0.0186730395333765,1.86730395333765,2.99179596932405,1.1244920159864,"- **Polk, Florida**: +1.1% (from 1.9% to 3.0%)"
Illinois,Sangamon,0.070067032031267,0.0589240155296727,5.89240155296727,7.0067032031267,1.1143016501594305,"- **Sangamon, Illinois**: +1.1% (from 5.9% to 7.0%)"
Louisiana,Livingston,0.0836151368760064,0.0725489384596283,7.2548938459628305,8.36151368760064,1.1066198416378095,"- **Livingston, Louisiana**: +1.1% (from 7.3% to 8.4%)"
Missouri,Saint Louis City,0.1037555826228177,0.0927171386849303,9.27171386849303,10.37555826228177,1.103844393788739,"- **Saint Louis City, Missouri**: +1.1% (from 9.3% to 10.4%)"
California,San Joaquin,0.0253249154862863,0.0143051815961501,1.43051815961501,2.53249154862863,1.1019733890136199,"- **San Joaquin, California**: +1.1% (from 1.4% to 2.5%)"
Pennsylvania,Washington,0.0565119232397347,0.0455962394854032,4.55962394854032,5.65119232397347,1.09156837543315,"- **Washington, Pennsylvania**: +1.1% (from 4.6% to 5.7%)"
Maryland,Carroll,0.02873251653475,0.0178420447893858,1.78420447893858,2.873251653475,1.08904717453642,"- **Carroll, Maryland**: +1.1% (from 1.8% to 2.9%)"
Florida,Pasco,0.0454815653527705,0.0346877803230804,3.4687780323080397,4.54815653527705,1.0793785029690102,"- **Pasco, Florida**: +1.1% (from 3.5% to 4.5%)"
Louisiana,Saint Tammany,0.0682070461259968,0.0575000922066905,5.75000922066905,6.82070461259968,1.0706953919306308,"- **Saint Tammany, Louisiana**: +1.1% (from 5.8% to 6.8%)"
Arizona,Pinal,0.0340194278878874,0.0233181513578592,2.33181513578592,3.40194278878874,1.07012765300282,"- **Pinal, Arizona**: +1.1% (from 2.3% to 3.4%)"
North Carolina,Cumberland,0.0336775768172959,0.0230357176657644,2.30357176657644,3.36775768172959,1.0641859151531499,"- **Cumberland, North Carolina**: +1.1% (from 2.3% to 3.4%)"
Maryland,Charles,0.0373617677072703,0.0267305800347476,2.67305800347476,3.73617677072703,1.06311876725227,"- **Charles, Maryland**: +1.1% (from 2.7% to 3.7%)"
Oklahoma,Oklahoma,0.0556861431181517,0.0450805667271245,4.50805667271245,5.568614311815169,1.0605576391027194,"- **Oklahoma, Oklahoma**: +1.1% (from 4.5% to 5.6%)"
North Carolina,Cleveland,0.0610694702952864,0.050754599958652,5.0754599958652005,6.10694702952864,1.0314870336634394,"- **Cleveland, North Carolina**: +1.0% (from 5.1% to 6.1%)"
Florida,Hernando,0.0266591721202874,0.0164334660046776,1.64334660046776,2.6659172120287398,1.0225706115609798,"- **Hernando, Florida**: +1.0% (from 1.6% to 2.7%)"
Missouri,Jefferson,0.0404195938793186,0.0302626496716879,3.02626496716879,4.04195938793186,1.0156944207630705,"- **Jefferson, Missouri**: +1.0% (from 3.0% to 4.0%)"
Florida,Highlands,0.0282336578581363,0.0182392308417381,1.82392308417381,2.82336578581363,0.99944270163982,"- **Highlands, Florida**: +1.0% (from 1.8% to 2.8%)"
Texas,Grayson,0.0473275895676581,0.0373405488983378,3.73405488983378,4.73275895676581,0.9987040669320302,"- **Grayson, Texas**: +1.0% (from 3.7% to 4.7%)"
Florida,Citrus,0.0260892457549032,0.0162047718574414,1.6204771857441398,2.60892457549032,0.9884473897461801,"- **Citrus, Florida**: +1.0% (from 1.6% to 2.6%)"
Pennsylvania,Adams,0.0381668283220174,0.0283380891469054,2.83380891469054,3.8166828322017397,0.9828739175111996,"- **Adams, Pennsylvania**: +1.0% (from 2.8% to 3.8%)"
Oklahoma,Tulsa,0.0597150945591333,0.0500102677310881,5.001026773108809,5.9715094559133295,0.9704826828045201,"- **Tulsa, Oklahoma**: +1.0% (from 5.0% to 6.0%)"
California,Butte,0.036964672334583,0.0272917383593191,2.72917383593191,3.6964672334582995,0.9672933975263893,"- **Butte, California**: +1.0% (from 2.7% to 3.7%)"
Florida,Lee,0.0258168449750092,0.0162149552731929,1.62149552731929,2.58168449750092,0.9601889701816302,"- **Lee, Florida**: +1.0% (from 1.6% to 2.6%)"
Indiana,Vanderburgh,0.0635609845413407,0.0540205866419007,5.40205866419007,6.356098454134069,0.954039789943999,"- **Vanderburgh, Indiana**: +1.0% (from 5.4% to 6.4%)"
Indiana,Marion,0.0412013119252288,0.031698188901147,3.1698188901147,4.12013119252288,0.9503123024081801,"- **Marion, Indiana**: +1.0% (from 3.2% to 4.1%)"
North Carolina,Henderson,0.0280281143547065,0.0185332625619249,1.8533262561924901,2.80281143547065,0.9494851792781598,"- **Henderson, North Carolina**: +0.9% (from 1.9% to 2.8%)"
Texas,Nueces,0.0353345660464578,0.0259074210139603,2.5907421013960303,3.5334566046457803,0.9427145032497499,"- **Nueces, Texas**: +0.9% (from 2.6% to 3.5%)"
Ohio,Portage,0.03374601682077,0.0243837865028725,2.43837865028725,3.3746016820769995,0.9362230317897495,"- **Portage, Ohio**: +0.9% (from 2.4% to 3.4%)"
Texas,Johnson,0.0343604760497541,0.0251835410619771,2.51835410619771,3.4360476049754096,0.9176934987776995,"- **Johnson, Texas**: +0.9% (from 2.5% to 3.4%)"
Texas,Galveston,0.0279043481332344,0.0187439324919722,1.87439324919722,2.79043481332344,0.9160415641262201,"- **Galveston, Texas**: +0.9% (from 1.9% to 2.8%)"
Indiana,Monroe,0.0432771721176081,0.0342016224369165,3.42016224369165,4.32771721176081,0.9075549680691597,"- **Monroe, Indiana**: +0.9% (from 3.4% to 4.3%)"
North Carolina,Orange,0.0221144823271817,0.0130389594028534,1.3038959402853398,2.21144823271817,0.9075522924328301,"- **Orange, North Carolina**: +0.9% (from 1.3% to 2.2%)"
Florida,Leon,0.0315913935518252,0.0225297768830733,2.25297768830733,3.15913935518252,0.9061616668751902,"- **Leon, Florida**: +0.9% (from 2.3% to 3.2%)"
Pennsylvania,Luzerne,0.0474240757973098,0.0384382199587728,3.84382199587728,4.74240757973098,0.8985855838536998,"- **Luzerne, Pennsylvania**: +0.9% (from 3.8% to 4.7%)"
Florida,Escambia,0.0278186615749764,0.0188536647907472,1.88536647907472,2.78186615749764,0.8964996784229202,"- **Escambia, Florida**: +0.9% (from 1.9% to 2.8%)"
Ohio,Warren,0.0288391589011674,0.0199049583071819,1.99049583071819,2.8839158901167403,0.8934200593985504,"- **Warren, Ohio**: +0.9% (from 2.0% to 2.9%)"
Florida,Saint Lucie,0.0245946307206679,0.0158341287517234,1.5834128751723402,2.45946307206679,0.8760501968944496,"- **Saint Lucie, Florida**: +0.9% (from 1.6% to 2.5%)"
Florida,Lake,0.0292140590194957,0.0206374518493973,2.06374518493973,2.92140590194957,0.85766071700984,"- **Lake, Florida**: +0.9% (from 2.1% to 2.9%)"
Ohio,Butler,0.0390732172336022,0.030510185355111,3.0510185355111,3.90732172336022,0.8563031878491203,"- **Butler, Ohio**: +0.9% (from 3.1% to 3.9%)"
Maryland,Howard,0.0254645805450604,0.0169171593418334,1.6917159341833399,2.54645805450604,0.8547421203227001,"- **Howard, Maryland**: +0.9% (from 1.7% to 2.5%)"
Iowa,Black Hawk,0.0984280380283015,0.0898965791567223,8.98965791567223,9.842803802830149,0.8531458871579183,"- **Black Hawk, Iowa**: +0.9% (from 9.0% to 9.8%)"
Ohio,Montgomery,0.0461875897272292,0.0376789087765361,3.76789087765361,4.618758972722921,0.8508680950693104,"- **Montgomery, Ohio**: +0.9% (from 3.8% to 4.6%)"
Tennessee,Maury,0.0304424136052774,0.0220058057870587,2.20058057870587,3.04424136052774,0.8436607818218702,"- **Maury, Tennessee**: +0.8% (from 2.2% to 3.0%)"
Florida,Brevard,0.0254466449792957,0.0170323686418739,1.70323686418739,2.54466449792957,0.84142763374218,"- **Brevard, Florida**: +0.8% (from 1.7% to 2.5%)"
Georgia,Chatham,0.0340140808161981,0.025616445651595,2.5616445651595,3.4014080816198096,0.8397635164603097,"- **Chatham, Georgia**: +0.8% (from 2.6% to 3.4%)"
Texas,Bastrop,0.0385718645102227,0.0302344584826199,3.02344584826199,3.85718645102227,0.8337406027602801,"- **Bastrop, Texas**: +0.8% (from 3.0% to 3.9%)"
Florida,Duval,0.0357210446631339,0.027409876326638,2.7409876326638,3.57210446631339,0.83111683364959,"- **Duval, Florida**: +0.8% (from 2.7% to 3.6%)"
Mississippi,Harrison,0.0552929020946178,0.0469875573018991,4.6987557301899106,5.52929020946178,0.8305344792718694,"- **Harrison, Mississippi**: +0.8% (from 4.7% to 5.5%)"
Virginia,Newport News City,0.0320006426907318,0.0237267114238723,2.37267114238723,3.20006426907318,0.82739312668595,"- **Newport News City, Virginia**: +0.8% (from 2.4% to 3.2%)"
Texas,Williamson,0.0208481909380497,0.0126434061211524,1.26434061211524,2.08481909380497,0.8204784816897299,"- **Williamson, Texas**: +0.8% (from 1.3% to 2.1%)"
California,Nevada,0.0347457901031061,0.0266133969133614,2.6613396913361402,3.47457901031061,0.8132393189744698,"- **Nevada, California**: +0.8% (from 2.7% to 3.5%)"
Pennsylvania,Beaver,0.0463800603100899,0.0383231913455037,3.83231913455037,4.63800603100899,0.8056868964586199,"- **Beaver, Pennsylvania**: +0.8% (from 3.8% to 4.6%)"
Missouri,Greene,0.0515683946312356,0.0435430866601752,4.35430866601752,5.156839463123561,0.8025307971060407,"- **Greene, Missouri**: +0.8% (from 4.4% to 5.2%)"
Ohio,Lake,0.0299871039915476,0.0219812654373728,2.19812654373728,2.99871039915476,0.80058385541748,"- **Lake, Ohio**: +0.8% (from 2.2% to 3.0%)"
New York,Broome,0.031624376813751,0.0236849142376895,2.3684914237689503,3.1624376813751,0.7939462576061498,"- **Broome, New York**: +0.8% (from 2.4% to 3.2%)"
Pennsylvania,Delaware,0.0391858538729418,0.0312765134289457,3.12765134289457,3.91858538729418,0.7909340443996102,"- **Delaware, Pennsylvania**: +0.8% (from 3.1% to 3.9%)"
Florida,Hillsborough,0.0221027742749054,0.0143716513509543,1.43716513509543,2.21027742749054,0.7731122923951099,"- **Hillsborough, Florida**: +0.8% (from 1.4% to 2.2%)"
South Carolina,Lexington,0.0413534917206623,0.0336286838962685,3.3628683896268505,4.13534917206623,0.7724807824393798,"- **Lexington, South Carolina**: +0.8% (from 3.4% to 4.1%)"
Pennsylvania,Fayette,0.0877240143369175,0.0800018338529249,8.000183385292491,8.77240143369175,0.7722180483992584,"- **Fayette, Pennsylvania**: +0.8% (from 8.0% to 8.8%)"
Kentucky,Kenton,0.0509705634127004,0.0432538962217669,4.32538962217669,5.09705634127004,0.7716667190933499,"- **Kenton, Kentucky**: +0.8% (from 4.3% to 5.1%)"
Minnesota,Washington,0.0284816576086956,0.0207767271673368,2.0776727167336797,2.84816576086956,0.7704930441358804,"- **Washington, Minnesota**: +0.8% (from 2.1% to 2.8%)"
Alabama,Houston,0.0460312776630274,0.0383756712725517,3.8375671272551695,4.60312776630274,0.7655606390475707,"- **Houston, Alabama**: +0.8% (from 3.8% to 4.6%)"
North Carolina,Cabarrus,0.0249598263664252,0.0173433862320852,1.73433862320852,2.49598263664252,0.7616440134340001,"- **Cabarrus, North Carolina**: +0.8% (from 1.7% to 2.5%)"
North Carolina,Pitt,0.0310478199718706,0.0234557686081231,2.3455768608123098,3.10478199718706,0.7592051363747503,"- **Pitt, North Carolina**: +0.8% (from 2.3% to 3.1%)"
Delaware,Kent,0.0275300105390329,0.0200579578385135,2.00579578385135,2.75300105390329,0.74720527005194,"- **Kent, Delaware**: +0.7% (from 2.0% to 2.8%)"
Georgia,Walton,0.0310372992104546,0.0235665471484171,2.35665471484171,3.10372992104546,0.7470752062037498,"- **Walton, Georgia**: +0.7% (from 2.4% to 3.1%)"
North Carolina,Alamance,0.0336923717348319,0.0262841573844058,2.62841573844058,3.36923717348319,0.7408214350426099,"- **Alamance, North Carolina**: +0.7% (from 2.6% to 3.4%)"
Texas,Kaufman,0.0356344673454184,0.0282610471289716,2.8261047128971604,3.5634467345418397,0.7373420216446793,"- **Kaufman, Texas**: +0.7% (from 2.8% to 3.6%)"
Pennsylvania,Berks,0.0311115854634719,0.0237812000985971,2.37812000985971,3.1111585463471902,0.7330385364874803,"- **Berks, Pennsylvania**: +0.7% (from 2.4% to 3.1%)"
Maryland,Wicomico,0.0501937380305527,0.0429594272076372,4.29594272076372,5.01937380305527,0.7234310822915502,"- **Wicomico, Maryland**: +0.7% (from 4.3% to 5.0%)"
Arizona,Navajo,0.0372796455062132,0.0300715528911235,3.00715528911235,3.72796455062132,0.7208092615089701,"- **Navajo, Arizona**: +0.7% (from 3.0% to 3.7%)"
Indiana,La Porte,0.0268541619414833,0.0196546398989189,1.96546398989189,2.68541619414833,0.7199522042564399,"- **La Porte, Indiana**: +0.7% (from 2.0% to 2.7%)"
Oregon,Jackson,0.0300835073068893,0.0230340870739115,2.3034087073911502,3.00835073068893,0.7049420232977797,"- **Jackson, Oregon**: +0.7% (from 2.3% to 3.0%)"
Alabama,Tuscaloosa,0.0518009049773755,0.044793655456014,4.4793655456014,5.180090497737551,0.7007249521361505,"- **Tuscaloosa, Alabama**: +0.7% (from 4.5% to 5.2%)"
Maryland,Frederick,0.0245983134689268,0.0176564610256855,1.7656461025685501,2.4598313468926802,0.6941852443241301,"- **Frederick, Maryland**: +0.7% (from 1.8% to 2.5%)"
Missouri,Franklin,0.0563354603463992,0.0494199963174369,4.941999631743689,5.63354603463992,0.6915464028962308,"- **Franklin, Missouri**: +0.7% (from 4.9% to 5.6%)"
Kansas,Sedgwick,0.0451784087051298,0.038313859494415,3.8313859494415,4.51784087051298,0.6864549210714794,"- **Sedgwick, Kansas**: +0.7% (from 3.8% to 4.5%)"
Arizona,Mohave,0.0323540726043206,0.0256240564184228,2.56240564184228,3.23540726043206,0.67300161858978,"- **Mohave, Arizona**: +0.7% (from 2.6% to 3.2%)"
California,Sonoma,0.0248617189574937,0.0181335487966757,1.81335487966757,2.48617189574937,0.6728170160817999,"- **Sonoma, California**: +0.7% (from 1.8% to 2.5%)"
Michigan,Bay,0.0292295944340743,0.0225037577839811,2.25037577839811,2.92295944340743,0.67258366500932,"- **Bay, Michigan**: +0.7% (from 2.3% to 2.9%)"
Georgia,Forsyth,0.0173036323816664,0.01060021200424,1.060021200424,1.7303632381666398,0.6703420377426399,"- **Forsyth, Georgia**: +0.7% (from 1.1% to 1.7%)"
Kentucky,Boone,0.0449576551144212,0.0382590712539951,3.8259071253995103,4.49576551144212,0.6698583860426099,"- **Boone, Kentucky**: +0.7% (from 3.8% to 4.5%)"
South Carolina,Charleston,0.021365471479394,0.0146800299056355,1.4680029905635499,2.1365471479394,0.6685441573758502,"- **Charleston, South Carolina**: +0.7% (from 1.5% to 2.1%)"
Florida,Seminole,0.0192214956696178,0.0125486295960452,1.25486295960452,1.92214956696178,0.6672866073572601,"- **Seminole, Florida**: +0.7% (from 1.3% to 1.9%)"
Alabama,Shelby,0.0249493216903165,0.018330301352527,1.8330301352527,2.49493216903165,0.6619020337789498,"- **Shelby, Alabama**: +0.7% (from 1.8% to 2.5%)"
Florida,Orange,0.0172714425920991,0.0106796481596067,1.0679648159606698,1.72714425920991,0.6591794432492402,"- **Orange, Florida**: +0.7% (from 1.1% to 1.7%)"
Arkansas,Craighead,0.0720221606648199,0.0654768939841626,6.547689398416261,7.20221606648199,0.6545266680657287,"- **Craighead, Arkansas**: +0.7% (from 6.5% to 7.2%)"
Michigan,Livingston,0.0295099507810828,0.0229852868313909,2.2985286831390903,2.95099507810828,0.6524663949691898,"- **Livingston, Michigan**: +0.7% (from 2.3% to 3.0%)"
Florida,Santa Rosa,0.0284665969477285,0.0219776273499362,2.19776273499362,2.84665969477285,0.64889695977923,"- **Santa Rosa, Florida**: +0.6% (from 2.2% to 2.8%)"
Iowa,Johnson,0.0736732920299402,0.0672175523578857,6.721755235788569,7.3673292029940205,0.6455739672054515,"- **Johnson, Iowa**: +0.6% (from 6.7% to 7.4%)"
Texas,Taylor,0.0438931297709923,0.0374393882879522,3.74393882879522,4.38931297709923,0.6453741483040103,"- **Taylor, Texas**: +0.6% (from 3.7% to 4.4%)"
Tennessee,Davidson,0.026359938409211,0.0199095814496135,1.9909581449613498,2.6359938409211003,0.6450356959597505,"- **Davidson, Tennessee**: +0.6% (from 2.0% to 2.6%)"
Maryland,Anne Arundel,0.0313538323802558,0.0249058460606748,2.49058460606748,3.1353832380255797,0.6447986319580998,"- **Anne Arundel, Maryland**: +0.6% (from 2.5% to 3.1%)"
Georgia,Cherokee,0.0200735981660784,0.0136264203682323,1.3626420368232302,2.00735981660784,0.64471777978461,"- **Cherokee, Georgia**: +0.6% (from 1.4% to 2.0%)"
California,Solano,0.0246671661575701,0.0182405933289325,1.82405933289325,2.46671661575701,0.6426572828637602,"- **Solano, California**: +0.6% (from 1.8% to 2.5%)"
South Carolina,Dorchester,0.0232137785007875,0.0168150611456768,1.68150611456768,2.32137785007875,0.6398717355110701,"- **Dorchester, South Carolina**: +0.6% (from 1.7% to 2.3%)"
Tennessee,Sullivan,0.0274303130357483,0.0212088732989054,2.12088732989054,2.74303130357483,0.62214397368429,"- **Sullivan, Tennessee**: +0.6% (from 2.1% to 2.7%)"
Michigan,Jackson,0.0368336497736234,0.0306375108141165,3.0637510814116498,3.6833649773623396,0.6196138959506898,"- **Jackson, Michigan**: +0.6% (from 3.1% to 3.7%)"
South Carolina,Beaufort,0.0228990233724335,0.0167391015543451,1.67391015543451,2.2899023372433502,0.6159921818088403,"- **Beaufort, South Carolina**: +0.6% (from 1.7% to 2.3%)"
South Carolina,Richland,0.040817558431524,0.0347099960876369,3.4709996087636896,4.0817558431524,0.6107562343887101,"- **Richland, South Carolina**: +0.6% (from 3.5% to 4.1%)"
Oregon,Douglas,0.0278654770075497,0.0217646652387203,2.1764665238720298,2.78654770075497,0.6100811768829404,"- **Douglas, Oregon**: +0.6% (from 2.2% to 2.8%)"
Pennsylvania,Bucks,0.02495737744145,0.0188710834728533,1.8871083472853298,2.495737744145,0.6086293968596701,"- **Bucks, Pennsylvania**: +0.6% (from 1.9% to 2.5%)"
Texas,Bexar,0.0253910912164739,0.0193440842562541,1.93440842562541,2.5391091216473898,0.6047006960219798,"- **Bexar, Texas**: +0.6% (from 1.9% to 2.5%)"
North Carolina,Wake,0.0177734944814315,0.0117630027640026,1.1763002764002601,1.77734944814315,0.6010491717428899,"- **Wake, North Carolina**: +0.6% (from 1.2% to 1.8%)"
South Carolina,Lancaster,0.0373614012534147,0.0313653136531365,3.13653136531365,3.7361401253414703,0.5996087600278202,"- **Lancaster, South Carolina**: +0.6% (from 3.1% to 3.7%)"
California,Alameda,0.0189217124566551,0.0129619158489938,1.29619158489938,1.89217124566551,0.5959796607661301,"- **Alameda, California**: +0.6% (from 1.3% to 1.9%)"
Maryland,Harford,0.0315879971157579,0.0256907619313424,2.56907619313424,3.1587997115757904,0.5897235184415504,"- **Harford, Maryland**: +0.6% (from 2.6% to 3.2%)"
Arizona,Coconino,0.0201218294387857,0.0142267323285081,1.42267323285081,2.01218294387857,0.5895097110277601,"- **Coconino, Arizona**: +0.6% (from 1.4% to 2.0%)"
Virginia,Richmond City,0.0298097414435001,0.0239508486931167,2.39508486931167,2.98097414435001,0.58588927503834,"- **Richmond City, Virginia**: +0.6% (from 2.4% to 3.0%)"
Maine,Penobscot,0.03117771624043,0.02532981530343,2.5329815303429997,3.117771624043,0.5847900937000001,"- **Penobscot, Maine**: +0.6% (from 2.5% to 3.1%)"
Arkansas,Benton,0.0333562971626319,0.0275113453130973,2.75113453130973,3.33562971626319,0.5844951849534601,"- **Benton, Arkansas**: +0.6% (from 2.8% to 3.3%)"
North Carolina,Iredell,0.0258561982381757,0.0200141168970149,2.0014116897014897,2.58561982381757,0.5842081341160803,"- **Iredell, North Carolina**: +0.6% (from 2.0% to 2.6%)"
California,Contra Costa,0.0231292316315843,0.017321433844155,1.7321433844155,2.31292316315843,0.5807797787429299,"- **Contra Costa, California**: +0.6% (from 1.7% to 2.3%)"
Maine,Kennebec,0.0320057384888646,0.0262300762300762,2.62300762300762,3.20057384888646,0.5775662258788401,"- **Kennebec, Maine**: +0.6% (from 2.6% to 3.2%)"
Ohio,Mahoning,0.0322879421014086,0.0266275428646506,2.66275428646506,3.2287942101408595,0.5660399236757994,"- **Mahoning, Ohio**: +0.6% (from 2.7% to 3.2%)"
California,El Dorado,0.0251008614109693,0.0194517543859649,1.9451754385964901,2.51008614109693,0.5649107025004398,"- **El Dorado, California**: +0.6% (from 1.9% to 2.5%)"
Tennessee,Bradley,0.030155109489051,0.0245173296115375,2.4517329611537497,3.0155109489051,0.5637779877513505,"- **Bradley, Tennessee**: +0.6% (from 2.5% to 3.0%)"
California,Marin,0.0201190948789202,0.0144929836815035,1.44929836815035,2.0119094878920203,0.5626111197416703,"- **Marin, California**: +0.6% (from 1.4% to 2.0%)"
Texas,Bell,0.0329997186382089,0.0273757604377899,2.73757604377899,3.29997186382089,0.5623958200419001,"- **Bell, Texas**: +0.6% (from 2.7% to 3.3%)"
California,Napa,0.0265102639296187,0.0208947017006401,2.08947017006401,2.65102639296187,0.5615562228978601,"- **Napa, California**: +0.6% (from 2.1% to 2.7%)"
Florida,Indian River,0.0210043739620611,0.0155147425693173,1.55147425693173,2.10043739620611,0.5489631392743801,"- **Indian River, Florida**: +0.5% (from 1.6% to 2.1%)"
North Carolina,Catawba,0.028613560956243,0.0231280716970222,2.31280716970222,2.8613560956243003,0.5485489259220802,"- **Catawba, North Carolina**: +0.5% (from 2.3% to 2.9%)"
Pennsylvania,Dauphin,0.0389241960790528,0.0334519686547392,3.3451968654739197,3.89241960790528,0.5472227424313605,"- **Dauphin, Pennsylvania**: +0.5% (from 3.3% to 3.9%)"
Pennsylvania,Montgomery,0.0234671558597332,0.0179956855769594,1.7995685576959402,2.34671558597332,0.54714702827738,"- **Montgomery, Pennsylvania**: +0.5% (from 1.8% to 2.3%)"
California,Placer,0.0251184952145365,0.0196552158047061,1.96552158047061,2.5118495214536503,0.5463279409830402,"- **Placer, California**: +0.5% (from 2.0% to 2.5%)"
Florida,Martin,0.0165060851926977,0.0110529674537332,1.10529674537332,1.65060851926977,0.5453117738964499,"- **Martin, Florida**: +0.5% (from 1.1% to 1.7%)"
South Carolina,Berkeley,0.0197403521252,0.0143860289088504,1.43860289088504,1.9740352125199998,0.5354323216349599,"- **Berkeley, South Carolina**: +0.5% (from 1.4% to 2.0%)"
North Carolina,Gaston,0.033861374477357,0.028616014429605,2.8616014429605,3.3861374477357002,0.5245360047752001,"- **Gaston, North Carolina**: +0.5% (from 2.9% to 3.4%)"
Oregon,Washington,0.0186497004678822,0.013502464033944,1.3502464033944,1.86497004678822,0.51472364339382,"- **Washington, Oregon**: +0.5% (from 1.4% to 1.9%)"
Kentucky,Fayette,0.061360306448481,0.056227978896252,5.6227978896252,6.1360306448481,0.5132327552228997,"- **Fayette, Kentucky**: +0.5% (from 5.6% to 6.1%)"
Florida,Clay,0.022003987299712,0.0168793976520568,1.6879397652056798,2.2003987299712002,0.5124589647655204,"- **Clay, Florida**: +0.5% (from 1.7% to 2.2%)"
Texas,Tom Green,0.0360754160522435,0.0309863814302255,3.09863814302255,3.60754160522435,0.5089034622018,"- **Tom Green, Texas**: +0.5% (from 3.1% to 3.6%)"
Indiana,Tippecanoe,0.0262165337290545,0.0211519177738781,2.11519177738781,2.6216533729054503,0.5064615955176404,"- **Tippecanoe, Indiana**: +0.5% (from 2.1% to 2.6%)"
New York,Chautauqua,0.0422888116179177,0.037238967184446,3.7238967184445997,4.22888116179177,0.50498444334717,"- **Chautauqua, New York**: +0.5% (from 3.7% to 4.2%)"
Wisconsin,Washington,0.0263147057612321,0.0212655151462546,2.12655151462546,2.63147057612321,0.5049190614977497,"- **Washington, Wisconsin**: +0.5% (from 2.1% to 2.6%)"
Nevada,Clark,0.0198103266596417,0.0147793198251023,1.47793198251023,1.98103266596417,0.50310068345394,"- **Clark, Nevada**: +0.5% (from 1.5% to 2.0%)"
Arizona,Yuma,0.0206142196045435,0.0155999793377757,1.55999793377757,2.06142196045435,0.50142402667678,"- **Yuma, Arizona**: +0.5% (from 1.6% to 2.1%)"
Montana,Yellowstone,0.0276065903659917,0.0225997859991569,2.25997859991569,2.76065903659917,0.5006804366834801,"- **Yellowstone, Montana**: +0.5% (from 2.3% to 2.8%)"
Tennessee,Washington,0.0234164536851557,0.0184193017473824,1.8419301747382402,2.34164536851557,0.49971519377732965,"- **Washington, Tennessee**: +0.5% (from 1.8% to 2.3%)"
Arkansas,Washington,0.0315914921122265,0.0266225386120477,2.66225386120477,3.15914921122265,0.4968953500178799,"- **Washington, Arkansas**: +0.5% (from 2.7% to 3.2%)"
North Carolina,Craven,0.0259137077871343,0.020983345849715,2.0983345849715,2.59137077871343,0.4930361937419301,"- **Craven, North Carolina**: +0.5% (from 2.1% to 2.6%)"
Illinois,Will,0.0244806458105056,0.0195999327618087,1.95999327618087,2.4480645810505597,0.48807130486968964,"- **Will, Illinois**: +0.5% (from 2.0% to 2.4%)"
Florida,Bay,0.0354755976561768,0.0305953799438828,3.05953799438828,3.5475597656176796,0.4880217712293997,"- **Bay, Florida**: +0.5% (from 3.1% to 3.5%)"
Georgia,Gwinnett,0.018886083340993,0.0140221201663088,1.40221201663088,1.8886083340992998,0.4863963174684198,"- **Gwinnett, Georgia**: +0.5% (from 1.4% to 1.9%)"
Oregon,Multnomah,0.0239725048179473,0.0191147745693877,1.91147745693877,2.39725048179473,0.48577302485595997,"- **Multnomah, Oregon**: +0.5% (from 1.9% to 2.4%)"
California,Madera,0.0231700727839049,0.018334379439067,1.8334379439067,2.31700727839049,0.48356933448379014,"- **Madera, California**: +0.5% (from 1.8% to 2.3%)"
Pennsylvania,Monroe,0.0208234122689293,0.0160008779631255,1.60008779631255,2.0823412268929298,0.48225343058037984,"- **Monroe, Pennsylvania**: +0.5% (from 1.6% to 2.1%)"
Tennessee,Montgomery,0.0260671830803645,0.0213019514375093,2.13019514375093,2.60671830803645,0.4765231642855201,"- **Montgomery, Tennessee**: +0.5% (from 2.1% to 2.6%)"
Kansas,Wyandotte,0.0615265401007361,0.0568356966707768,5.68356966707768,6.15265401007361,0.46908434299592994,"- **Wyandotte, Kansas**: +0.5% (from 5.7% to 6.2%)"
New Mexico,San Juan,0.0402013468471532,0.0355155595246273,3.55155595246273,4.02013468471532,0.4685787322525896,"- **San Juan, New Mexico**: +0.5% (from 3.6% to 4.0%)"
California,Shasta,0.0332568807339449,0.0285839106284715,2.8583910628471503,3.32568807339449,0.46729701054733974,"- **Shasta, California**: +0.5% (from 2.9% to 3.3%)"
West Virginia,Kanawha,0.0351648351648351,0.0305151992531652,3.05151992531652,3.51648351648351,0.46496359116699004,"- **Kanawha, West Virginia**: +0.5% (from 3.1% to 3.5%)"
Arizona,Pima,0.0212108349576978,0.0166290400225759,1.66290400225759,2.12108349576978,0.4581794935121899,"- **Pima, Arizona**: +0.5% (from 1.7% to 2.1%)"
Massachusetts,Norfolk,0.0155358645843074,0.0109576712464862,1.09576712464862,1.55358645843074,0.4578193337821199,"- **Norfolk, Massachusetts**: +0.5% (from 1.1% to 1.6%)"
Arizona,Yavapai,0.0265646105357946,0.0219870132130982,2.19870132130982,2.6564610535794597,0.45775973226963984,"- **Yavapai, Arizona**: +0.5% (from 2.2% to 2.7%)"
Texas,Parker,0.0264139336383559,0.0218377224741796,2.1837722474179597,2.64139336383559,0.45762111641763026,"- **Parker, Texas**: +0.5% (from 2.2% to 2.6%)"
Virginia,Hampton City,0.0208460031083181,0.016275764036958,1.6275764036958,2.08460031083181,0.45702390713601004,"- **Hampton City, Virginia**: +0.5% (from 1.6% to 2.1%)"
Missouri,Saint Charles,0.0237332467327288,0.0191748214758,1.9174821475800001,2.37332467327288,0.45584252569287975,"- **Saint Charles, Missouri**: +0.5% (from 1.9% to 2.4%)"
Virginia,Arlington,0.020299724565703,0.0157417917800004,1.5741791780000398,2.0299724565703,0.4557932785702603,"- **Arlington, Virginia**: +0.5% (from 1.6% to 2.0%)"
Tennessee,Sumner,0.0241602955072588,0.019613063542776,1.9613063542776001,2.41602955072588,0.45472319644827985,"- **Sumner, Tennessee**: +0.5% (from 2.0% to 2.4%)"
North Carolina,Onslow,0.0211820534943917,0.0166956444206678,1.66956444206678,2.11820534943917,0.44864090737239026,"- **Onslow, North Carolina**: +0.4% (from 1.7% to 2.1%)"
Texas,Hunt,0.0391084945332212,0.0346453661822731,3.4645366182273105,3.9108494533221196,0.4463128350948091,"- **Hunt, Texas**: +0.4% (from 3.5% to 3.9%)"
Michigan,Washtenaw,0.0253214131374243,0.0208953988745448,2.08953988745448,2.53214131374243,0.4426014262879501,"- **Washtenaw, Michigan**: +0.4% (from 2.1% to 2.5%)"
California,Santa Cruz,0.0172923727898793,0.012873513976652,1.2873513976652,1.72923727898793,0.44188588132273,"- **Santa Cruz, California**: +0.4% (from 1.3% to 1.7%)"
New Jersey,Hunterdon,0.0168125149844162,0.0124150072850898,1.2415007285089799,1.6812514984416198,0.43975076993263995,"- **Hunterdon, New Jersey**: +0.4% (from 1.2% to 1.7%)"
Florida,Saint Johns,0.0158982179789834,0.0115276903371469,1.15276903371469,1.58982179789834,0.4370527641836499,"- **Saint Johns, Florida**: +0.4% (from 1.2% to 1.6%)"
Maryland,Montgomery,0.0244464742272975,0.0200822541127056,2.0082254112705598,2.44464742272975,0.43642201145919035,"- **Montgomery, Maryland**: +0.4% (from 2.0% to 2.4%)"
Oregon,Deschutes,0.0206324236828306,0.0162916627765848,1.6291662776584799,2.0632423682830603,0.4340760906245804,"- **Deschutes, Oregon**: +0.4% (from 1.6% to 2.1%)"
Ohio,Trumbull,0.0375222722985012,0.0332086800800589,3.32086800800589,3.75222722985012,0.4313592218442297,"- **Trumbull, Ohio**: +0.4% (from 3.3% to 3.8%)"
Pennsylvania,Westmoreland,0.0567742932179823,0.0524837415248374,5.24837415248374,5.67742932179823,0.4290551693144895,"- **Westmoreland, Pennsylvania**: +0.4% (from 5.2% to 5.7%)"
Indiana,Porter,0.0277798727908087,0.0234915365074574,2.34915365074574,2.77798727908087,0.42883362833513017,"- **Porter, Indiana**: +0.4% (from 2.3% to 2.8%)"
Texas,Jefferson,0.0414741649407891,0.0372034217463818,3.7203421746381795,4.14741649407891,0.4270743194407305,"- **Jefferson, Texas**: +0.4% (from 3.7% to 4.1%)"
California,Los Angeles,0.0164514656439203,0.0121822297852661,1.2182229785266099,1.64514656439203,0.4269235858654201,"- **Los Angeles, California**: +0.4% (from 1.2% to 1.6%)"
Tennessee,Blount,0.0210135430318916,0.0167620420853422,1.67620420853422,2.10135430318916,0.42515009465494025,"- **Blount, Tennessee**: +0.4% (from 1.7% to 2.1%)"
Ohio,Clark,0.0441821905783673,0.0399610136452241,3.99610136452241,4.41821905783673,0.4221176933143198,"- **Clark, Ohio**: +0.4% (from 4.0% to 4.4%)"
North Carolina,Moore,0.0228332724986819,0.0186136851050054,1.8613685105005402,2.28332724986819,0.4219587393676498,"- **Moore, North Carolina**: +0.4% (from 1.9% to 2.3%)"
Indiana,Delaware,0.0429874748724292,0.038772722496585,3.8772722496584997,4.29874748724292,0.4214752375844206,"- **Delaware, Indiana**: +0.4% (from 3.9% to 4.3%)"
California,Humboldt,0.0317254639692359,0.0275374376039933,2.75374376039933,3.17254639692359,0.41880263652425986,"- **Humboldt, California**: +0.4% (from 2.8% to 3.2%)"
North Carolina,Randolph,0.0263299301450832,0.022151753297486,2.2151753297486,2.6329930145083202,0.41781768475972036,"- **Randolph, North Carolina**: +0.4% (from 2.2% to 2.6%)"
Kansas,Shawnee,0.0384378686086466,0.0342698523879938,3.42698523879938,3.8437868608646597,0.4168016220652797,"- **Shawnee, Kansas**: +0.4% (from 3.4% to 3.8%)"
Kansas,Douglas,0.0281373844121532,0.023985158355051,2.3985158355051,2.8137384412153197,0.41522260571021974,"- **Douglas, Kansas**: +0.4% (from 2.4% to 2.8%)"
Ohio,Richland,0.050978242536684,0.0468347915594441,4.68347915594441,5.0978242536684,0.41434509772398975,"- **Richland, Ohio**: +0.4% (from 4.7% to 5.1%)"
Florida,Palm Beach,0.0148964447890131,0.0107530634538937,1.07530634538937,1.48964447890131,0.4143381335119398,"- **Palm Beach, Florida**: +0.4% (from 1.1% to 1.5%)"
California,Sacramento,0.0182109867888524,0.0140695192840551,1.4069519284055099,1.82109867888524,0.41414675047973004,"- **Sacramento, California**: +0.4% (from 1.4% to 1.8%)"
Washington,Grant,0.03098645540506,0.0268687788692993,2.68687788692993,3.098645540506,0.4117676535760699,"- **Grant, Washington**: +0.4% (from 2.7% to 3.1%)"
Florida,Flagler,0.01931330472103,0.0152280085606102,1.52280085606102,1.931330472103,0.40852961604198,"- **Flagler, Florida**: +0.4% (from 1.5% to 1.9%)"
Michigan,Eaton,0.0203876747239169,0.0163414060663061,1.63414060663061,2.03876747239169,0.4046268657610803,"- **Eaton, Michigan**: +0.4% (from 1.6% to 2.0%)"
Florida,Broward,0.0148396692187388,0.0108044304960273,1.08044304960273,1.48396692187388,0.40352387227115005,"- **Broward, Florida**: +0.4% (from 1.1% to 1.5%)"
Oklahoma,Cleveland,0.0312702294468819,0.0272833169524225,2.72833169524225,3.12702294468819,0.39869124944594025,"- **Cleveland, Oklahoma**: +0.4% (from 2.7% to 3.1%)"
Minnesota,Stearns,0.0341726618705036,0.0302197802197802,3.02197802197802,3.41726618705036,0.39528816507233966,"- **Stearns, Minnesota**: +0.4% (from 3.0% to 3.4%)"
Maryland,Saint Marys,0.0304136253041362,0.0264926848556741,2.64926848556741,3.04136253041362,0.39209404484621,"- **Saint Marys, Maryland**: +0.4% (from 2.6% to 3.0%)"
Pennsylvania,Schuylkill,0.0510271218656334,0.0471245070862452,4.71245070862452,5.10271218656334,0.3902614779388198,"- **Schuylkill, Pennsylvania**: +0.4% (from 4.7% to 5.1%)"
Georgia,Dekalb,0.0283688402932159,0.0244986400489322,2.44986400489322,2.83688402932159,0.38702002442837014,"- **Dekalb, Georgia**: +0.4% (from 2.4% to 2.8%)"
Ohio,Franklin,0.0395096827653206,0.0356796351125415,3.56796351125415,3.9509682765320604,0.3830047652779105,"- **Franklin, Ohio**: +0.4% (from 3.6% to 4.0%)"
New Jersey,Mercer,0.0376464627272151,0.0338306664435318,3.3830666443531796,3.7646462727215098,0.38157962836833015,"- **Mercer, New Jersey**: +0.4% (from 3.4% to 3.8%)"
Texas,Brazoria,0.0201236294725443,0.0163124360524602,1.63124360524602,2.01236294725443,0.38111934200841,"- **Brazoria, Texas**: +0.4% (from 1.6% to 2.0%)"
Pennsylvania,Lancaster,0.0278387620687685,0.024118571381805,2.4118571381805,2.78387620687685,0.37201906869635026,"- **Lancaster, Pennsylvania**: +0.4% (from 2.4% to 2.8%)"
Texas,Harris,0.0198430514193758,0.01613104385203,1.613104385203,1.98430514193758,0.37120075673457986,"- **Harris, Texas**: +0.4% (from 1.6% to 2.0%)"
Maryland,Cecil,0.0335445973102488,0.0298611921147789,2.98611921147789,3.35445973102488,0.3683405195469902,"- **Cecil, Maryland**: +0.4% (from 3.0% to 3.4%)"
Michigan,Saginaw,0.031797285464098,0.0281149092528671,2.81149092528671,3.1797285464098,0.36823762112309,"- **Saginaw, Michigan**: +0.4% (from 2.8% to 3.2%)"
Oregon,Clackamas,0.0221422407442487,0.0184893951630042,1.8489395163004199,2.21422407442487,0.36528455812445015,"- **Clackamas, Oregon**: +0.4% (from 1.8% to 2.2%)"
Massachusetts,Middlesex,0.0154344650821809,0.0118335245878697,1.1833524587869702,1.5434465082180902,0.36009404943112,"- **Middlesex, Massachusetts**: +0.4% (from 1.2% to 1.5%)"
Florida,Sumter,0.0222368750142106,0.0186425999361867,1.8642599936186701,2.22368750142106,0.3594275078023901,"- **Sumter, Florida**: +0.4% (from 1.9% to 2.2%)"
Massachusetts,Barnstable,0.0146886131444005,0.01113016215157,1.113016215157,1.46886131444005,0.35584509928304997,"- **Barnstable, Massachusetts**: +0.4% (from 1.1% to 1.5%)"
Wisconsin,Eau Claire,0.0359347337193167,0.0324202919779307,3.24202919779307,3.59347337193167,0.35144417413859985,"- **Eau Claire, Wisconsin**: +0.4% (from 3.2% to 3.6%)"
Virginia,Henrico,0.0147696948601925,0.0112604687170103,1.12604687170103,1.4769694860192502,0.35092261431822025,"- **Henrico, Virginia**: +0.4% (from 1.1% to 1.5%)"
California,Ventura,0.0145272723272239,0.0110219668955802,1.10219668955802,1.45272723272239,0.35053054316436993,"- **Ventura, California**: +0.4% (from 1.1% to 1.5%)"
Ohio,Allen,0.060764608371322,0.0573000467119946,5.7300046711994606,6.0764608371322,0.3464561659327394,"- **Allen, Ohio**: +0.3% (from 5.7% to 6.1%)"
Arizona,Cochise,0.0329380212043749,0.0294745656269625,2.94745656269625,3.2938021204374897,0.34634555774123976,"- **Cochise, Arizona**: +0.3% (from 2.9% to 3.3%)"
Georgia,Fayette,0.0173539959016393,0.0138928902973846,1.38928902973846,1.7353995901639299,0.34611056042546995,"- **Fayette, Georgia**: +0.3% (from 1.4% to 1.7%)"
Illinois,Mclean,0.0445616239993442,0.0411218027798338,4.11218027798338,4.45616239993442,0.34398212195103994,"- **Mclean, Illinois**: +0.3% (from 4.1% to 4.5%)"
South Carolina,Florence,0.0858154191487524,0.0823838737949167,8.23838737949167,8.58154191487524,0.34315453538357055,"- **Florence, South Carolina**: +0.3% (from 8.2% to 8.6%)"
New Jersey,Sussex,0.0180877948333957,0.0146575569162391,1.46575569162391,1.80877948333957,0.34302379171566,"- **Sussex, New Jersey**: +0.3% (from 1.5% to 1.8%)"
Delaware,New Castle,0.0254924681344148,0.0220738762794837,2.20738762794837,2.54924681344148,0.3418591854931101,"- **New Castle, Delaware**: +0.3% (from 2.2% to 2.5%)"
Indiana,St Joseph,0.0359170000930492,0.0325078861373982,3.25078861373982,3.59170000930492,0.3409113955651,"- **St Joseph, Indiana**: +0.3% (from 3.3% to 3.6%)"
Idaho,Ada,0.0266309737643297,0.0232336657166615,2.32336657166615,2.6630973764329697,0.3397308047668197,"- **Ada, Idaho**: +0.3% (from 2.3% to 2.7%)"
Indiana,Johnson,0.0275786412225425,0.0241898798533622,2.41898798533622,2.75786412225425,0.33887613691802976,"- **Johnson, Indiana**: +0.3% (from 2.4% to 2.8%)"
Tennessee,Wilson,0.0208970976253298,0.0175132303999127,1.75132303999127,2.0897097625329804,0.3383867225417103,"- **Wilson, Tennessee**: +0.3% (from 1.8% to 2.1%)"
Wisconsin,Outagamie,0.0254908131399937,0.0221260343730108,2.21260343730108,2.54908131399937,0.3364778766982903,"- **Outagamie, Wisconsin**: +0.3% (from 2.2% to 2.5%)"
Arizona,Maricopa,0.0202641077010625,0.0169049228566884,1.69049228566884,2.02641077010625,0.3359184844374101,"- **Maricopa, Arizona**: +0.3% (from 1.7% to 2.0%)"
Maine,Androscoggin,0.0210327969036463,0.0176875717416257,1.76875717416257,2.10327969036463,0.33452251620205997,"- **Androscoggin, Maine**: +0.3% (from 1.8% to 2.1%)"
Washington,Benton,0.0217804256788844,0.0184993958035812,1.84993958035812,2.17804256788844,0.32810298753031986,"- **Benton, Washington**: +0.3% (from 1.8% to 2.2%)"
Illinois,Kane,0.0291934998971502,0.0259137851471126,2.59137851471126,2.9193499897150197,0.32797147500375967,"- **Kane, Illinois**: +0.3% (from 2.6% to 2.9%)"
Pennsylvania,Cumberland,0.023397889531863,0.0201238674581441,2.01238674581441,2.3397889531863,0.3274022073718901,"- **Cumberland, Pennsylvania**: +0.3% (from 2.0% to 2.3%)"
Virginia,Stafford,0.0124615020137408,0.0092039860156491,0.9203986015649099,1.24615020137408,0.32575159980917,"- **Stafford, Virginia**: +0.3% (from 0.9% to 1.2%)"
Oregon,Lane,0.0188541571657524,0.0156038168735008,1.56038168735008,1.88541571657524,0.3250340292251601,"- **Lane, Oregon**: +0.3% (from 1.6% to 1.9%)"
Massachusetts,Worcester,0.0154939422180801,0.0122526396932782,1.22526396932782,1.54939422180801,0.3241302524801899,"- **Worcester, Massachusetts**: +0.3% (from 1.2% to 1.5%)"
Washington,Yakima,0.0229517844381857,0.0197153868959383,1.97153868959383,2.29517844381857,0.3236397542247398,"- **Yakima, Washington**: +0.3% (from 2.0% to 2.3%)"
Maine,York,0.0172174300756263,0.0139937269499879,1.3993726949987901,1.7217430075626299,0.32237031256383974,"- **York, Maine**: +0.3% (from 1.4% to 1.7%)"
Indiana,Hendricks,0.0247499874365546,0.0215289180806422,2.15289180806422,2.47499874365546,0.32210693559124026,"- **Hendricks, Indiana**: +0.3% (from 2.2% to 2.5%)"
North Carolina,New Hanover,0.0191169273998768,0.0159297997946611,1.59297997946611,1.91169273998768,0.31871276052157005,"- **New Hanover, North Carolina**: +0.3% (from 1.6% to 1.9%)"
Tennessee,Knox,0.025821481517684,0.0226436620067625,2.2643662006762497,2.5821481517684,0.31778195109215046,"- **Knox, Tennessee**: +0.3% (from 2.3% to 2.6%)"
Nebraska,Sarpy,0.0244144039156275,0.0212644357731267,2.1264435773126698,2.44144039156275,0.3149968142500801,"- **Sarpy, Nebraska**: +0.3% (from 2.1% to 2.4%)"
New Jersey,Middlesex,0.0150406454072534,0.0119205710901212,1.19205710901212,1.50406454072534,0.31200743171322,"- **Middlesex, New Jersey**: +0.3% (from 1.2% to 1.5%)"
Minnesota,Dakota,0.0290817731277533,0.0259950551937876,2.59950551937876,2.90817731277533,0.3086717933965697,"- **Dakota, Minnesota**: +0.3% (from 2.6% to 2.9%)"
Minnesota,Hennepin,0.0236729903059528,0.0206285619157926,2.06285619157926,2.36729903059528,0.3044428390160201,"- **Hennepin, Minnesota**: +0.3% (from 2.1% to 2.4%)"
California,Riverside,0.0171491474075006,0.0141128799510522,1.41128799510522,1.71491474075006,0.30362674564484005,"- **Riverside, California**: +0.3% (from 1.4% to 1.7%)"
Arkansas,Sebastian,0.0559015001415227,0.0528800305168796,5.28800305168796,5.59015001415227,0.3021469624643096,"- **Sebastian, Arkansas**: +0.3% (from 5.3% to 5.6%)"
Virginia,Fairfax,0.0122774911437432,0.0092604900527271,0.9260490052727101,1.22774911437432,0.30170010910160994,"- **Fairfax, Virginia**: +0.3% (from 0.9% to 1.2%)"
Wisconsin,Milwaukee,0.045452685122928,0.0424566472256022,4.245664722560219,4.5452685122928,0.29960378973258095,"- **Milwaukee, Wisconsin**: +0.3% (from 4.2% to 4.5%)"
Michigan,Monroe,0.0251386223075282,0.0221829069134458,2.21829069134458,2.51386223075282,0.2955715394082401,"- **Monroe, Michigan**: +0.3% (from 2.2% to 2.5%)"
Ohio,Stark,0.0424126956634696,0.0394693779591124,3.94693779591124,4.2412695663469595,0.29433177043571934,"- **Stark, Ohio**: +0.3% (from 3.9% to 4.2%)"
Pennsylvania,Erie,0.0267705037722073,0.0238600311625898,2.38600311625898,2.6770503772207297,0.2910472609617498,"- **Erie, Pennsylvania**: +0.3% (from 2.4% to 2.7%)"
Ohio,Wayne,0.0304886736002279,0.027581567440296,2.7581567440295998,3.04886736002279,0.29071061599319004,"- **Wayne, Ohio**: +0.3% (from 2.8% to 3.0%)"
North Carolina,Forsyth,0.0292159490171666,0.0263098694147768,2.63098694147768,2.92159490171666,0.29060796023897995,"- **Forsyth, North Carolina**: +0.3% (from 2.6% to 2.9%)"
California,Stanislaus,0.019617055140608,0.0167183497370904,1.6718349737090399,1.9617055140608,0.2898705403517601,"- **Stanislaus, California**: +0.3% (from 1.7% to 2.0%)"
California,Merced,0.0171103442609481,0.0142334029832219,1.4233402983221901,1.71103442609481,0.28769412777261993,"- **Merced, California**: +0.3% (from 1.4% to 1.7%)"
Virginia,Norfolk City,0.0273349576516997,0.0244683337228324,2.44683337228324,2.73349576516997,0.28666239288673,"- **Norfolk City, Virginia**: +0.3% (from 2.4% to 2.7%)"
North Carolina,Brunswick,0.0181205458261974,0.0152586240197782,1.52586240197782,1.81205458261974,0.2861921806419201,"- **Brunswick, North Carolina**: +0.3% (from 1.5% to 1.8%)"
California,Kern,0.0196019124952013,0.0167696843182518,1.67696843182518,1.96019124952013,0.28322281769494984,"- **Kern, California**: +0.3% (from 1.7% to 2.0%)"
Pennsylvania,Butler,0.0335927610295841,0.0307663044770441,3.07663044770441,3.3592761029584097,0.28264565525399954,"- **Butler, Pennsylvania**: +0.3% (from 3.1% to 3.4%)"
Utah,Weber,0.025512734486682,0.0226890011521758,2.26890011521758,2.5512734486682,0.2823733334506202,"- **Weber, Utah**: +0.3% (from 2.3% to 2.6%)"
Texas,Cameron,0.0336948031896536,0.0308822144807456,3.08822144807456,3.36948031896536,0.28125887089080015,"- **Cameron, Texas**: +0.3% (from 3.1% to 3.4%)"
Virginia,Alexandria City,0.0162622447019655,0.0134862414709933,1.3486241470993299,1.6262244701965503,0.2776003230972204,"- **Alexandria City, Virginia**: +0.3% (from 1.3% to 1.6%)"
Maryland,Baltimore,0.0362279731931861,0.0334688574063207,3.34688574063207,3.62279731931861,0.27591157868654026,"- **Baltimore, Maryland**: +0.3% (from 3.3% to 3.6%)"
Wisconsin,Brown,0.0282544927340773,0.0255046557466186,2.5504655746618603,2.82544927340773,0.2749836987458698,"- **Brown, Wisconsin**: +0.3% (from 2.6% to 2.8%)"
California,San Diego,0.012057474834769,0.009351645883522,0.9351645883522001,1.2057474834769,0.2705828951246999,"- **San Diego, California**: +0.3% (from 0.9% to 1.2%)"
Tennessee,Shelby,0.0664251207729468,0.0637486630126965,6.374866301269649,6.642512077294679,0.2676457760250299,"- **Shelby, Tennessee**: +0.3% (from 6.4% to 6.6%)"
New Jersey,Essex,0.0185389692263545,0.0158738557595639,1.58738557595639,1.85389692263545,0.26651134667906007,"- **Essex, New Jersey**: +0.3% (from 1.6% to 1.9%)"
New Hampshire,Rockingham,0.0125667653684314,0.0099175443359961,0.9917544335996099,1.25667653684314,0.26492210324353016,"- **Rockingham, New Hampshire**: +0.3% (from 1.0% to 1.3%)"
Texas,Ellis,0.0303457106274007,0.0276970160673297,2.76970160673297,3.0345710627400697,0.26486945600709966,"- **Ellis, Texas**: +0.3% (from 2.8% to 3.0%)"
Nebraska,Lancaster,0.0391001899659701,0.036467643904183,3.6467643904183,3.9100189965970102,0.2632546061787102,"- **Lancaster, Nebraska**: +0.3% (from 3.6% to 3.9%)"
Texas,Rockwall,0.0221341066461502,0.019519378387693,1.9519378387693,2.21341066461502,0.26147282584571996,"- **Rockwall, Texas**: +0.3% (from 2.0% to 2.2%)"
Texas,Montgomery,0.0232378899695799,0.0206253010402513,2.06253010402513,2.32378899695799,0.26125889293285987,"- **Montgomery, Texas**: +0.3% (from 2.1% to 2.3%)"
New York,New York,0.0348055345500623,0.0322035623409669,3.22035623409669,3.48055345500623,0.2601972209095402,"- **New York, New York**: +0.3% (from 3.2% to 3.5%)"
Missouri,Saint Louis,0.0439530797501882,0.0414089153825966,4.14089153825966,4.39530797501882,0.25441643675916037,"- **Saint Louis, Missouri**: +0.3% (from 4.1% to 4.4%)"
Michigan,Allegan,0.0258756968133788,0.0233618962356652,2.33618962356652,2.5875696813378797,0.25138005777135985,"- **Allegan, Michigan**: +0.3% (from 2.3% to 2.6%)"
Louisiana,Terrebonne,0.0856646250620758,0.0831554682831042,8.31554682831042,8.56646250620758,0.25091567789715974,"- **Terrebonne, Louisiana**: +0.3% (from 8.3% to 8.6%)"
Nevada,Washoe,0.0187154288169271,0.0162745221724594,1.62745221724594,1.8715428816927102,0.2440906644467702,"- **Washoe, Nevada**: +0.2% (from 1.6% to 1.9%)"
Ohio,Miami,0.0366062397883762,0.0341686555290373,3.41686555290373,3.6606239788376205,0.24375842593389052,"- **Miami, Ohio**: +0.2% (from 3.4% to 3.7%)"
New Jersey,Monmouth,0.0141136680748185,0.0116850610191033,1.16850610191033,1.41136680748185,0.24286070557151995,"- **Monmouth, New Jersey**: +0.2% (from 1.2% to 1.4%)"
Virginia,Loudoun,0.0077805924623894,0.0053676911968124,0.53676911968124,0.77805924623894,0.2412901265577,"- **Loudoun, Virginia**: +0.2% (from 0.5% to 0.8%)"
Illinois,Peoria,0.0835529230697479,0.0811526297294131,8.115262972941311,8.35529230697479,0.2400293340334798,"- **Peoria, Illinois**: +0.2% (from 8.1% to 8.4%)"
Utah,Davis,0.0236446258900148,0.021246851219287,2.1246851219287,2.36446258900148,0.23977746707278014,"- **Davis, Utah**: +0.2% (from 2.1% to 2.4%)"
New Jersey,Ocean,0.0194732688316623,0.017077630957999,1.7077630957999,1.94732688316623,0.2395637873663301,"- **Ocean, New Jersey**: +0.2% (from 1.7% to 1.9%)"
Oregon,Yamhill,0.0193354608597709,0.0169491525423728,1.69491525423728,1.9335460859770899,0.2386308317398098,"- **Yamhill, Oregon**: +0.2% (from 1.7% to 1.9%)"
Minnesota,Carver,0.0208046342411076,0.0184403305546533,1.8440330554653301,2.0804634241107602,0.2364303686454301,"- **Carver, Minnesota**: +0.2% (from 1.8% to 2.1%)"
Iowa,Scott,0.0489275334470252,0.0465766072209534,4.65766072209534,4.89275334470252,0.2350926226071799,"- **Scott, Iowa**: +0.2% (from 4.7% to 4.9%)"
Maine,Cumberland,0.0135476158852437,0.0112010868117524,1.12010868117524,1.35476158852437,0.2346529073491299,"- **Cumberland, Maine**: +0.2% (from 1.1% to 1.4%)"
Oregon,Linn,0.0151137144303431,0.0127772332934044,1.27772332934044,1.51137144303431,0.23364811369386995,"- **Linn, Oregon**: +0.2% (from 1.3% to 1.5%)"
Virginia,Chesapeake City,0.0130629082158817,0.0107606863036794,1.0760686303679399,1.30629082158817,0.23022219122023002,"- **Chesapeake City, Virginia**: +0.2% (from 1.1% to 1.3%)"
Texas,Mclennan,0.0347719090370505,0.0324826520967332,3.24826520967332,3.4771909037050497,0.2289256940317297,"- **Mclennan, Texas**: +0.2% (from 3.2% to 3.5%)"
California,Yolo,0.0183864282616029,0.016107577333301,1.6107577333301,1.8386428261602898,0.22788509283018987,"- **Yolo, California**: +0.2% (from 1.6% to 1.8%)"
California,San Bernardino,0.0160551058804501,0.0137955750943756,1.37955750943756,1.6055105880450098,0.22595307860744973,"- **San Bernardino, California**: +0.2% (from 1.4% to 1.6%)"
Georgia,Columbia,0.0177470364724352,0.0154990700557966,1.54990700557966,1.77470364724352,0.22479664166386004,"- **Columbia, Georgia**: +0.2% (from 1.5% to 1.8%)"
Washington,Snohomish,0.0167664670658682,0.014519056261343,1.4519056261343,1.67664670658682,0.22474108045252006,"- **Snohomish, Washington**: +0.2% (from 1.5% to 1.7%)"
Pennsylvania,Lebanon,0.0274669734044407,0.0252257316516178,2.5225731651617798,2.74669734044407,0.22412417528229023,"- **Lebanon, Pennsylvania**: +0.2% (from 2.5% to 2.7%)"
Florida,Miami-Dade,0.0116289080997311,0.0093880102371769,0.93880102371769,1.1628908099731101,0.2240897862554201,"- **Miami-Dade, Florida**: +0.2% (from 0.9% to 1.2%)"
Florida,Alachua,0.0237036146509577,0.021473641359658,2.1473641359658,2.37036146509577,0.22299732912996983,"- **Alachua, Florida**: +0.2% (from 2.1% to 2.4%)"
New York,Orange,0.0201277766275252,0.0179149226704663,1.79149226704663,2.01277766275252,0.2212853957058898,"- **Orange, New York**: +0.2% (from 1.8% to 2.0%)"
Washington,Pierce,0.0187770914736337,0.0165661931193931,1.65661931193931,1.87770914736337,0.22108983542406002,"- **Pierce, Washington**: +0.2% (from 1.7% to 1.9%)"
California,San Mateo,0.0105541413745839,0.0083453125101633,0.83453125101633,1.05541413745839,0.2208828864420601,"- **San Mateo, California**: +0.2% (from 0.8% to 1.1%)"
Michigan,Oakland,0.0306985299772068,0.0285126650790214,2.85126650790214,3.06985299772068,0.21858648981853968,"- **Oakland, Michigan**: +0.2% (from 2.9% to 3.1%)"
Washington,Whatcom,0.0191191191191191,0.0169381372110971,1.69381372110971,1.9119119119119101,0.21809819080220016,"- **Whatcom, Washington**: +0.2% (from 1.7% to 1.9%)"
Illinois,Mchenry,0.0250236783192698,0.0228520086168635,2.28520086168635,2.5023678319269798,0.2171669702406298,"- **Mchenry, Illinois**: +0.2% (from 2.3% to 2.5%)"
Missouri,Platte,0.0430436635542985,0.0408725691883709,4.08725691883709,4.30436635542985,0.21710943659275994,"- **Platte, Missouri**: +0.2% (from 4.1% to 4.3%)"
Pennsylvania,Lehigh,0.0187281383598911,0.0165737032213676,1.65737032213676,1.8728138359891102,0.21544351385235028,"- **Lehigh, Pennsylvania**: +0.2% (from 1.7% to 1.9%)"
Texas,Wichita,0.0416960818919872,0.0395585814088016,3.95585814088016,4.16960818919872,0.21375004831855993,"- **Wichita, Texas**: +0.2% (from 4.0% to 4.2%)"
Minnesota,Scott,0.0231361768148289,0.0210224948875255,2.10224948875255,2.31361768148289,0.2113681927303399,"- **Scott, Minnesota**: +0.2% (from 2.1% to 2.3%)"
California,San Luis Obispo,0.0170420570061789,0.0149350433598033,1.49350433598033,1.7042057006178901,0.21070136463756017,"- **San Luis Obispo, California**: +0.2% (from 1.5% to 1.7%)"
Iowa,Polk,0.0427534406558428,0.0406687754179846,4.06687754179846,4.27534406558428,0.20846652378581965,"- **Polk, Iowa**: +0.2% (from 4.1% to 4.3%)"
Washington,King,0.0192840367942563,0.0172069552483289,1.72069552483289,1.92840367942563,0.20770815459274017,"- **King, Washington**: +0.2% (from 1.7% to 1.9%)"
Massachusetts,Essex,0.013097094099835,0.0110244176255964,1.1024417625596399,1.3097094099835,0.20726764742386017,"- **Essex, Massachusetts**: +0.2% (from 1.1% to 1.3%)"
Illinois,Winnebago,0.0277055365974654,0.02563331579343,2.563331579343,2.77055365974654,0.20722208040354007,"- **Winnebago, Illinois**: +0.2% (from 2.6% to 2.8%)"
New Hampshire,Merrimack,0.0137550264887981,0.0116850181374594,1.16850181374594,1.3755026488798099,0.2070008351338699,"- **Merrimack, New Hampshire**: +0.2% (from 1.2% to 1.4%)"
Washington,Kitsap,0.0181985554454043,0.0161822891463379,1.6182289146337898,1.8198555445404299,0.20162662990664004,"- **Kitsap, Washington**: +0.2% (from 1.6% to 1.8%)"
California,Kings,0.0175736961451247,0.0156014723105236,1.56014723105236,1.75736961451247,0.1972223834601099,"- **Kings, California**: +0.2% (from 1.6% to 1.8%)"
North Carolina,Mecklenburg,0.0195881240431088,0.0176384312082134,1.76384312082134,1.9588124043108799,0.1949692834895398,"- **Mecklenburg, North Carolina**: +0.2% (from 1.8% to 2.0%)"
Michigan,Ingham,0.0314272369386801,0.0294856872965268,2.94856872965268,3.1427236938680103,0.1941549642153304,"- **Ingham, Michigan**: +0.2% (from 2.9% to 3.1%)"
Michigan,Calhoun,0.0350725577040798,0.0331417832231016,3.31417832231016,3.50725577040798,0.1930774480978199,"- **Calhoun, Michigan**: +0.2% (from 3.3% to 3.5%)"
New Mexico,Sandoval,0.0229663576710759,0.0210472963960839,2.1047296396083897,2.29663576710759,0.19190612749920044,"- **Sandoval, New Mexico**: +0.2% (from 2.1% to 2.3%)"
Ohio,Clermont,0.0271137026239067,0.0251952261676734,2.51952261676734,2.71137026239067,0.19184764562333,"- **Clermont, Ohio**: +0.2% (from 2.5% to 2.7%)"
New Hampshire,Strafford,0.0136381017121978,0.0117565996296455,1.17565996296455,1.36381017121978,0.18815020825523,"- **Strafford, New Hampshire**: +0.2% (from 1.2% to 1.4%)"
Pennsylvania,Centre,0.042341678939617,0.0404634977047238,4.04634977047238,4.2341678939617005,0.18781812348932014,"- **Centre, Pennsylvania**: +0.2% (from 4.0% to 4.2%)"
Iowa,Woodbury,0.0417370325693606,0.0398597253778524,3.98597253778524,4.17370325693606,0.18773071915081951,"- **Woodbury, Iowa**: +0.2% (from 4.0% to 4.2%)"
Ohio,Medina,0.0157264312937136,0.0138632162661737,1.3863216266173701,1.57264312937136,0.18632150275398995,"- **Medina, Ohio**: +0.2% (from 1.4% to 1.6%)"
Illinois,Kendall,0.0224131151507818,0.0205536268395342,2.0553626839534203,2.24131151507818,0.1859488311247599,"- **Kendall, Illinois**: +0.2% (from 2.1% to 2.2%)"
Iowa,Linn,0.0467094161322983,0.044856684090055,4.4856684090055,4.6709416132298305,0.18527320422433036,"- **Linn, Iowa**: +0.2% (from 4.5% to 4.7%)"
Massachusetts,Suffolk,0.0189700060975019,0.0171206677835126,1.7120667783512602,1.89700060975019,0.18493383139892972,"- **Suffolk, Massachusetts**: +0.2% (from 1.7% to 1.9%)"
New York,Suffolk,0.01064938802874,0.008802221811808,0.8802221811808,1.064938802874,0.1847166216931999,"- **Suffolk, New York**: +0.2% (from 0.9% to 1.1%)"
Ohio,Greene,0.0266670036904099,0.0248212461695607,2.48212461695607,2.6667003690409903,0.18457575208492027,"- **Greene, Ohio**: +0.2% (from 2.5% to 2.7%)"
California,Santa Clara,0.0078027382693074,0.0059734454407577,0.59734454407577,0.78027382693074,0.18292928285497,"- **Santa Clara, California**: +0.2% (from 0.6% to 0.8%)"
California,Santa Barbara,0.010342473693023,0.0085251382281085,0.8525138228108501,1.0342473693023,0.1817335464914499,"- **Santa Barbara, California**: +0.2% (from 0.9% to 1.0%)"
North Carolina,Wayne,0.0446816732682832,0.0429032107304762,4.29032107304762,4.46816732682832,0.17784625378070018,"- **Wayne, North Carolina**: +0.2% (from 4.3% to 4.5%)"
Massachusetts,Hampden,0.0158506382168032,0.0140769897925145,1.40769897925145,1.5850638216803201,0.17736484242887007,"- **Hampden, Massachusetts**: +0.2% (from 1.4% to 1.6%)"
California,Monterey,0.0139654879424078,0.0122095981007291,1.22095981007291,1.39654879424078,0.17558898416786994,"- **Monterey, California**: +0.2% (from 1.2% to 1.4%)"
New Mexico,Santa Fe,0.0287734961142334,0.0270204610484262,2.70204610484262,2.87734961142334,0.17530350658072003,"- **Santa Fe, New Mexico**: +0.2% (from 2.7% to 2.9%)"
Alaska,Anchorage,0.0213957705694814,0.0196488661302121,1.96488661302121,2.13957705694814,0.17469044392693012,"- **Anchorage, Alaska**: +0.2% (from 2.0% to 2.1%)"
New Jersey,Camden,0.0243001918212836,0.0225599315068493,2.25599315068493,2.43001918212836,0.1740260314434301,"- **Camden, New Jersey**: +0.2% (from 2.3% to 2.4%)"
Massachusetts,Bristol,0.0127703746620316,0.0110342052313883,1.1034205231388299,1.27703746620316,0.17361694306433018,"- **Bristol, Massachusetts**: +0.2% (from 1.1% to 1.3%)"
Rhode Island,Providence,0.012492610494836,0.010758192276659,1.0758192276659,1.2492610494836,0.17344182181770007,"- **Providence, Rhode Island**: +0.2% (from 1.1% to 1.2%)"
Rhode Island,Washington,0.0089689834226529,0.0072384594373122,0.72384594373122,0.8968983422652901,0.17305239853407006,"- **Washington, Rhode Island**: +0.2% (from 0.7% to 0.9%)"
Texas,Dallas,0.017924634615718,0.0162354467368586,1.6235446736858599,1.7924634615718,0.16891878788594017,"- **Dallas, Texas**: +0.2% (from 1.6% to 1.8%)"
Florida,Collier,0.011112301183527,0.0094398537410964,0.9439853741096399,1.1112301183527,0.16724474424306013,"- **Collier, Florida**: +0.2% (from 0.9% to 1.1%)"
North Carolina,Rowan,0.0332322619769557,0.0315602250165453,3.1560225016545296,3.32322619769557,0.16720369604104057,"- **Rowan, North Carolina**: +0.2% (from 3.2% to 3.3%)"
Oregon,Marion,0.0152364629328375,0.0135761831614366,1.3576183161436601,1.52364629328375,0.16602797714008988,"- **Marion, Oregon**: +0.2% (from 1.4% to 1.5%)"
Massachusetts,Plymouth,0.0127210943626383,0.0110721428364395,1.10721428364395,1.27210943626383,0.16489515261988008,"- **Plymouth, Massachusetts**: +0.2% (from 1.1% to 1.3%)"
New Jersey,Warren,0.0190351744596694,0.0173946930244092,1.73946930244092,1.9035174459669402,0.16404814352602015,"- **Warren, New Jersey**: +0.2% (from 1.7% to 1.9%)"
New Jersey,Somerset,0.0132874955662874,0.0116589350958577,1.16589350958577,1.32874955662874,0.16285604704296985,"- **Somerset, New Jersey**: +0.2% (from 1.2% to 1.3%)"
New York,Ulster,0.0162530137569139,0.0146451159522136,1.46451159522136,1.6253013756913899,0.1607897804700298,"- **Ulster, New York**: +0.2% (from 1.5% to 1.6%)"
New Mexico,Dona Ana,0.0320167886353852,0.0304351425181424,3.0435142518142397,3.20167886353852,0.1581646117242803,"- **Dona Ana, New Mexico**: +0.2% (from 3.0% to 3.2%)"
California,Orange,0.0085416727632165,0.0069621733283963,0.69621733283963,0.85416727632165,0.15794994348201996,"- **Orange, California**: +0.2% (from 0.7% to 0.9%)"
South Carolina,Aiken,0.075969068853917,0.0744052167711039,7.4405216771103895,7.596906885391699,0.15638520828130975,"- **Aiken, South Carolina**: +0.2% (from 7.4% to 7.6%)"
Hawaii,Hawaii,0.0141156040684693,0.0125635868922276,1.25635868922276,1.41156040684693,0.15520171762417,"- **Hawaii, Hawaii**: +0.2% (from 1.3% to 1.4%)"
Louisiana,Bossier,0.0860532871680108,0.0845196870591253,8.45196870591253,8.60532871680108,0.15336001088855156,"- **Bossier, Louisiana**: +0.2% (from 8.5% to 8.6%)"
Delaware,Sussex,0.0320409656181419,0.0305812893659279,3.05812893659279,3.2040965618141906,0.1459676252214006,"- **Sussex, Delaware**: +0.1% (from 3.1% to 3.2%)"
New York,Rensselaer,0.0271511166534406,0.0257007949315641,2.5700794931564097,2.71511166534406,0.1450321721876504,"- **Rensselaer, New York**: +0.1% (from 2.6% to 2.7%)"
Rhode Island,Kent,0.0108615979209702,0.009426638571587,0.9426638571586999,1.08615979209702,0.14349593493832014,"- **Kent, Rhode Island**: +0.1% (from 0.9% to 1.1%)"
Illinois,Tazewell,0.0476748943133778,0.0462540003829426,4.62540003829426,4.76748943133778,0.14208939304351986,"- **Tazewell, Illinois**: +0.1% (from 4.6% to 4.8%)"
Indiana,Elkhart,0.0265403606698153,0.0251221599536206,2.51221599536206,2.65403606698153,0.14182007161946997,"- **Elkhart, Indiana**: +0.1% (from 2.5% to 2.7%)"
Ohio,Licking,0.0335356116256786,0.032145446733088,3.2145446733088,3.35356116256786,0.13901648925906018,"- **Licking, Ohio**: +0.1% (from 3.2% to 3.4%)"
Ohio,Fairfield,0.0284507862550961,0.0270803866100895,2.70803866100895,2.84507862550961,0.13703996450065992,"- **Fairfield, Ohio**: +0.1% (from 2.7% to 2.8%)"
Michigan,Muskegon,0.0215366858162167,0.0201748307659506,2.01748307659506,2.15366858162167,0.1361855050266101,"- **Muskegon, Michigan**: +0.1% (from 2.0% to 2.2%)"
New York,Monroe,0.0260002635161842,0.0246444358719779,2.46444358719779,2.60002635161842,0.13558276442062978,"- **Monroe, New York**: +0.1% (from 2.5% to 2.6%)"
New York,Bronx,0.0189124742846455,0.0175864160097028,1.75864160097028,1.89124742846455,0.13260582749426986,"- **Bronx, New York**: +0.1% (from 1.8% to 1.9%)"
New York,Albany,0.0187686370812138,0.01744300507934,1.7443005079340002,1.8768637081213801,0.13256320018738,"- **Albany, New York**: +0.1% (from 1.7% to 1.9%)"
New York,Niagara,0.0204885553121066,0.0191667057664336,1.91667057664336,2.04885553121066,0.13218495456729995,"- **Niagara, New York**: +0.1% (from 1.9% to 2.0%)"
West Virginia,Berkeley,0.0148792409430707,0.0135779122541603,1.35779122541603,1.48792409430707,0.13013286889103992,"- **Berkeley, West Virginia**: +0.1% (from 1.4% to 1.5%)"
Idaho,Bonneville,0.0228952325749891,0.0216213504565064,2.16213504565064,2.28952325749891,0.12738821184827032,"- **Bonneville, Idaho**: +0.1% (from 2.2% to 2.3%)"
New York,Dutchess,0.0113664041568563,0.0100926001137194,1.00926001137194,1.13664041568563,0.1273804043136899,"- **Dutchess, New York**: +0.1% (from 1.0% to 1.1%)"
California,San Francisco,0.0204062894525421,0.0191637100089841,1.9163710008984098,2.04062894525421,0.12425794435580007,"- **San Francisco, California**: +0.1% (from 1.9% to 2.0%)"
New Mexico,Bernalillo,0.020699574346781,0.0194857514873758,1.9485751487375798,2.0699574346781002,0.12138228594052047,"- **Bernalillo, New Mexico**: +0.1% (from 1.9% to 2.1%)"
New Jersey,Union,0.014270820380874,0.0130786257338081,1.30786257338081,1.4270820380874,0.11921946470659006,"- **Union, New Jersey**: +0.1% (from 1.3% to 1.4%)"
Missouri,Boone,0.0382758521002572,0.037125539107122,3.7125539107121996,3.82758521002572,0.1150312993135203,"- **Boone, Missouri**: +0.1% (from 3.7% to 3.8%)"
Alaska,Matanuska-Susitna,0.0304220183486238,0.0292904290429042,2.9290429042904202,3.04220183486238,0.1131589305719598,"- **Matanuska-Susitna, Alaska**: +0.1% (from 2.9% to 3.0%)"
Wisconsin,Kenosha,0.0223006392271425,0.0212032710280373,2.12032710280373,2.23006392271425,0.10973681991051976,"- **Kenosha, Wisconsin**: +0.1% (from 2.1% to 2.2%)"
Massachusetts,Hampshire,0.0155770135295907,0.0144827965263273,1.44827965263273,1.55770135295907,0.10942170032634002,"- **Hampshire, Massachusetts**: +0.1% (from 1.4% to 1.6%)"
Indiana,Allen,0.0340966482304972,0.0330089912550806,3.3008991255080598,3.4096648230497197,0.10876569754165999,"- **Allen, Indiana**: +0.1% (from 3.3% to 3.4%)"
Wisconsin,Winnebago,0.0305075031263026,0.0294201508592757,2.94201508592757,3.0507503126302598,0.10873522670268976,"- **Winnebago, Wisconsin**: +0.1% (from 2.9% to 3.1%)"
Indiana,Clark,0.0294871794871794,0.0284237726098191,2.8423772609819102,2.94871794871794,0.10634068773602978,"- **Clark, Indiana**: +0.1% (from 2.8% to 2.9%)"
Utah,Salt Lake,0.0188830347734457,0.0178906289595053,1.7890628959505301,1.88830347734457,0.0992405813940398,"- **Salt Lake, Utah**: +0.1% (from 1.8% to 1.9%)"
Michigan,Kent,0.0200438990949742,0.0190690908174896,1.90690908174896,2.00438990949742,0.09748082774845979,"- **Kent, Michigan**: +0.1% (from 1.9% to 2.0%)"
Michigan,Macomb,0.0197860470076148,0.018813725490196,1.8813725490195998,1.9786047007614798,0.09723215174187994,"- **Macomb, Michigan**: +0.1% (from 1.9% to 2.0%)"
New Hampshire,Hillsborough,0.0100415587806523,0.0090741743367623,0.90741743367623,1.00415587806523,0.09673844438900003,"- **Hillsborough, New Hampshire**: +0.1% (from 0.9% to 1.0%)"
California,Tulare,0.0207259252439698,0.0197722000069948,1.97722000069948,2.07259252439698,0.09537252369749982,"- **Tulare, California**: +0.1% (from 2.0% to 2.1%)"
New York,Queens,0.0135862007441186,0.0126332887945715,1.26332887945715,1.35862007441186,0.09529119495470995,"- **Queens, New York**: +0.1% (from 1.3% to 1.4%)"
Ohio,Hamilton,0.0338497163882502,0.0329055830325714,3.2905583032571397,3.3849716388250197,0.09441333556788001,"- **Hamilton, Ohio**: +0.1% (from 3.3% to 3.4%)"
Illinois,De Kalb,0.0247591006423982,0.0238212953391163,2.38212953391163,2.47591006423982,0.09378053032819,"- **De Kalb, Illinois**: +0.1% (from 2.4% to 2.5%)"
Washington,Spokane,0.0277699486408618,0.0268670130156803,2.68670130156803,2.77699486408618,0.09029356251815024,"- **Spokane, Washington**: +0.1% (from 2.7% to 2.8%)"
Florida,Okaloosa,0.0201736016752721,0.0192720869747831,1.9272086974783098,2.01736016752721,0.09015147004890012,"- **Okaloosa, Florida**: +0.1% (from 1.9% to 2.0%)"
Louisiana,Rapides,0.1315315315315315,0.130630380449875,13.063038044987499,13.153153153153148,0.09011510816564972,"- **Rapides, Louisiana**: +0.1% (from 13.1% to 13.2%)"
California,Fresno,0.0200499749034327,0.0191572354686298,1.91572354686298,2.00499749034327,0.08927394348028983,"- **Fresno, California**: +0.1% (from 1.9% to 2.0%)"
New Jersey,Morris,0.0137835975189524,0.0128909514411194,1.2890951441119398,1.37835975189524,0.08926460778330014,"- **Morris, New Jersey**: +0.1% (from 1.3% to 1.4%)"
Michigan,Kalamazoo,0.0293787460755399,0.0285248889836917,2.85248889836917,2.93787460755399,0.08538570918482025,"- **Kalamazoo, Michigan**: +0.1% (from 2.9% to 2.9%)"
Tennessee,Rutherford,0.0163558805606337,0.0155136477665589,1.55136477665589,1.63558805606337,0.08422327940747998,"- **Rutherford, Tennessee**: +0.1% (from 1.6% to 1.6%)"
Idaho,Canyon,0.0316793329284506,0.0309245394128039,3.09245394128039,3.16793329284506,0.0754793515646699,"- **Canyon, Idaho**: +0.1% (from 3.1% to 3.2%)"
New York,Oneida,0.0255361122273773,0.0247864869994306,2.47864869994306,2.55361122273773,0.07496252279466997,"- **Oneida, New York**: +0.1% (from 2.5% to 2.6%)"
New York,Nassau,0.0070974808324205,0.006370672553019,0.6370672553019,0.7097480832420501,0.07268082794015007,"- **Nassau, New York**: +0.1% (from 0.6% to 0.7%)"
Idaho,Kootenai,0.0235265848224037,0.0228314606741573,2.2831460674157302,2.35265848224037,0.06951241482463999,"- **Kootenai, Idaho**: +0.1% (from 2.3% to 2.4%)"
Pennsylvania,Mercer,0.0821834061135371,0.0814919568675976,8.149195686759759,8.21834061135371,0.06914492459395127,"- **Mercer, Pennsylvania**: +0.1% (from 8.1% to 8.2%)"
Florida,Osceola,0.0142734156410808,0.0136024437246299,1.36024437246299,1.42734156410808,0.06709719164508998,"- **Osceola, Florida**: +0.1% (from 1.4% to 1.4%)"
Hawaii,Honolulu,0.0151445666200953,0.0145657304002097,1.45657304002097,1.5144566620095299,0.0578836219885599,"- **Honolulu, Hawaii**: +0.1% (from 1.5% to 1.5%)"
Georgia,Coweta,0.0226863718165457,0.0222142994268162,2.22142994268162,2.26863718165457,0.047207238972950094,"- **Coweta, Georgia**: +0.0% (from 2.2% to 2.3%)"
New York,Richmond,0.0168980280228334,0.0164290681502086,1.6429068150208601,1.68980280228334,0.0468959872624799,"- **Richmond, New York**: +0.0% (from 1.6% to 1.7%)"
New Jersey,Burlington,0.0153252898891016,0.014860934375568,1.4860934375568,1.53252898891016,0.04643555135336008,"- **Burlington, New Jersey**: +0.0% (from 1.5% to 1.5%)"
Arkansas,Faulkner,0.0567287267274772,0.0562690164776544,5.62690164776544,5.67287267274772,0.04597102498228001,"- **Faulkner, Arkansas**: +0.0% (from 5.6% to 5.7%)"
Pennsylvania,Lackawanna,0.0507357786075115,0.0502955648756646,5.02955648756646,5.073577860751151,0.044021373184691015,"- **Lackawanna, Pennsylvania**: +0.0% (from 5.0% to 5.1%)"
Washington,Cowlitz,0.0226051352042992,0.0221855598489124,2.21855598489124,2.26051352042992,0.04195753553868009,"- **Cowlitz, Washington**: +0.0% (from 2.2% to 2.3%)"
Wisconsin,Waukesha,0.0237499439436746,0.0233618029139453,2.33618029139453,2.37499439436746,0.03881410297293009,"- **Waukesha, Wisconsin**: +0.0% (from 2.3% to 2.4%)"
Wisconsin,Fond Du Lac,0.0509128552606813,0.0505275109996688,5.05275109996688,5.0912855260681305,0.038534426101250574,"- **Fond Du Lac, Wisconsin**: +0.0% (from 5.1% to 5.1%)"
Texas,Collin,0.020747339099399,0.0203719966138972,2.03719966138972,2.0747339099399,0.03753424855017995,"- **Collin, Texas**: +0.0% (from 2.0% to 2.1%)"
Montana,Gallatin,0.0130230835699296,0.0126525656591475,1.2652565659147499,1.3023083569929599,0.037051791078209995,"- **Gallatin, Montana**: +0.0% (from 1.3% to 1.3%)"
Pennsylvania,Lycoming,0.0539926611916826,0.0536977633255701,5.36977633255701,5.39926611916826,0.02948978661124979,"- **Lycoming, Pennsylvania**: +0.0% (from 5.4% to 5.4%)"
Pennsylvania,York,0.0305997552019583,0.0303050710485554,3.03050710485554,3.05997552019583,0.02946841534029021,"- **York, Pennsylvania**: +0.0% (from 3.0% to 3.1%)"
New Jersey,Passaic,0.0149406011422406,0.0146476876734983,1.46476876734983,1.4940601142240602,0.029291346874230184,"- **Passaic, New Jersey**: +0.0% (from 1.5% to 1.5%)"
Wisconsin,Rock,0.0232570293717988,0.0229707025097133,2.2970702509713297,2.32570293717988,0.028632686208550417,"- **Rock, Wisconsin**: +0.0% (from 2.3% to 2.3%)"
Texas,Brazos,0.0283950992612409,0.0281147155618241,2.81147155618241,2.83950992612409,0.028038369941679964,"- **Brazos, Texas**: +0.0% (from 2.8% to 2.8%)"
Pennsylvania,Northampton,0.0183535693200195,0.0180826228831594,1.80826228831594,1.83535693200195,0.02709464368601,"- **Northampton, Pennsylvania**: +0.0% (from 1.8% to 1.8%)"
Illinois,Kankakee,0.036814533570433,0.0365753490844083,3.65753490844083,3.6814533570433,0.023918448602469944,"- **Kankakee, Illinois**: +0.0% (from 3.7% to 3.7%)"
North Dakota,Cass,0.0309163400459521,0.0306894180886305,3.06894180886305,3.09163400459521,0.02269219573215997,"- **Cass, North Dakota**: +0.0% (from 3.1% to 3.1%)"
Texas,Guadalupe,0.0397237485506881,0.0395044922406752,3.9504492240675195,3.9723748550688103,0.021925631001290746,"- **Guadalupe, Texas**: +0.0% (from 4.0% to 4.0%)"
North Carolina,Johnston,0.0236700368515543,0.0234701400835586,2.34701400835586,2.36700368515543,0.019989676799569978,"- **Johnston, North Carolina**: +0.0% (from 2.3% to 2.4%)"
New Jersey,Bergen,0.0133528128994832,0.0131578947368421,1.31578947368421,1.33528128994832,0.019491816264110007,"- **Bergen, New Jersey**: +0.0% (from 1.3% to 1.3%)"
Ohio,Columbiana,0.0541711809317443,0.0539973787680209,5.3997378768020905,5.41711809317443,0.017380216372339774,"- **Columbiana, Ohio**: +0.0% (from 5.4% to 5.4%)"
North Carolina,Guilford,0.0443760700326259,0.0442172711487197,4.4217271148719695,4.43760700326259,0.0158798883906206,"- **Guilford, North Carolina**: +0.0% (from 4.4% to 4.4%)"
Indiana,Hamilton,0.0194546827624296,0.0193061840120663,1.93061840120663,1.94546827624296,0.014849875036329951,"- **Hamilton, Indiana**: +0.0% (from 1.9% to 1.9%)"
Nebraska,Douglas,0.0378628619132546,0.0378037872011401,3.7803787201140104,3.78628619132546,0.005907471211449522,"- **Douglas, Nebraska**: +0.0% (from 3.8% to 3.8%)"
Ohio,Wood,0.0451196407269665,0.0450738916256157,4.50738916256157,4.51196407269665,0.004574910135080046,"- **Wood, Ohio**: +0.0% (from 4.5% to 4.5%)"
Wisconsin,Racine,0.0299224378912555,0.029887698310523,2.9887698310523,2.99224378912555,0.0034739580732501274,"- **Racine, Wisconsin**: +0.0% (from 3.0% to 3.0%)"
Virginia,Hanover,0.0171412336637413,0.0171593504186754,1.71593504186754,1.71412336637413,-0.0018116754934101031,"- **Hanover, Virginia**: -0.0% (from 1.7% to 1.7%)"
Minnesota,Olmsted,0.0215674362089914,0.0216109480843594,2.16109480843594,2.1567436208991397,-0.004351187536800083,"- **Olmsted, Minnesota**: -0.0% (from 2.2% to 2.2%)"
Illinois,Du Page,0.027517837513335,0.0276292117452642,2.76292117452642,2.7517837513335,-0.011137423192919993,"- **Du Page, Illinois**: -0.0% (from 2.8% to 2.8%)"
Texas,Hidalgo,0.0340264826557254,0.03419042745276,3.4190427452759997,3.40264826557254,-0.01639447970345964,"- **Hidalgo, Texas**: -0.0% (from 3.4% to 3.4%)"
Ohio,Delaware,0.0315584480434095,0.031743876147957,3.1743876147957,3.15584480434095,-0.018542810454750036,"- **Delaware, Ohio**: -0.0% (from 3.2% to 3.2%)"
Montana,Flathead,0.0124790268456375,0.0126754661638382,1.26754661638382,1.24790268456375,-0.01964393182007007,"- **Flathead, Montana**: -0.0% (from 1.3% to 1.2%)"
New Jersey,Gloucester,0.0182402406508511,0.0184751782813403,1.84751782813403,1.82402406508511,-0.023493763048920036,"- **Gloucester, New Jersey**: -0.0% (from 1.8% to 1.8%)"
Texas,Gregg,0.0346043936417217,0.034840221751476,3.4840221751476,3.4604393641721702,-0.02358281097542969,"- **Gregg, Texas**: -0.0% (from 3.5% to 3.5%)"
Illinois,Cook,0.053938627850562,0.0542261258309886,5.42261258309886,5.3938627850562,-0.02874979804265987,"- **Cook, Illinois**: -0.0% (from 5.4% to 5.4%)"
Utah,Utah,0.0304993386713694,0.0307912934963217,3.07912934963217,3.04993386713694,-0.029195482495230074,"- **Utah, Utah**: -0.0% (from 3.1% to 3.0%)"
New York,Saratoga,0.0097026904003258,0.0099961367587405,0.99961367587405,0.97026904003258,-0.029344635841470068,"- **Saratoga, New York**: -0.0% (from 1.0% to 1.0%)"
Mississippi,Jackson,0.0519713261648745,0.0523063143752798,5.23063143752798,5.19713261648745,-0.03349882104052959,"- **Jackson, Mississippi**: -0.0% (from 5.2% to 5.2%)"
New York,Schenectady,0.0136625651258175,0.0140632003585835,1.4063200358583499,1.36625651258175,-0.04006352327659979,"- **Schenectady, New York**: -0.0% (from 1.4% to 1.4%)"
Texas,Hays,0.0224748679642639,0.0228849539194366,2.28849539194366,2.24748679642639,-0.041008595517269875,"- **Hays, Texas**: -0.0% (from 2.3% to 2.2%)"
Texas,Tarrant,0.0186914183120135,0.019195566154625,1.9195566154625001,1.86914183120135,-0.0504147842611502,"- **Tarrant, Texas**: -0.1% (from 1.9% to 1.9%)"
Michigan,Ottawa,0.0168510737288998,0.0173723418268034,1.73723418268034,1.68510737288998,-0.052126809790359996,"- **Ottawa, Michigan**: -0.1% (from 1.7% to 1.7%)"
Washington,Clark,0.0188702176273273,0.0195493623436417,1.9549362343641699,1.88702176273273,-0.06791447163143993,"- **Clark, Washington**: -0.1% (from 2.0% to 1.9%)"
New York,Kings,0.0200168912822215,0.0209724646251929,2.09724646251929,2.00168912822215,-0.09555733429714008,"- **Kings, New York**: -0.1% (from 2.1% to 2.0%)"
Georgia,Bartow,0.0252047889098928,0.0261655120763901,2.6165512076390103,2.52047889098928,-0.09607231664973037,"- **Bartow, Georgia**: -0.1% (from 2.6% to 2.5%)"
Utah,Washington,0.044445313875467,0.0454398773748537,4.54398773748537,4.4445313875467,-0.09945634993867003,"- **Washington, Utah**: -0.1% (from 4.5% to 4.4%)"
Massachusetts,Berkshire,0.0170099224547652,0.0180634436902618,1.80634436902618,1.70099224547652,-0.10535212354965995,"- **Berkshire, Massachusetts**: -0.1% (from 1.8% to 1.7%)"
Washington,Thurston,0.0160724887619801,0.0171416265881846,1.7141626588184598,1.60724887619801,-0.10691378262044982,"- **Thurston, Washington**: -0.1% (from 1.7% to 1.6%)"
Ohio,Summit,0.0524140680708157,0.053496369889186,5.3496369889186,5.24140680708157,-0.1082301818370297,"- **Summit, Ohio**: -0.1% (from 5.3% to 5.2%)"
Wisconsin,Marathon,0.0483442187141028,0.0494785592909739,4.947855929097391,4.83442187141028,-0.1134340576871109,"- **Marathon, Wisconsin**: -0.1% (from 4.9% to 4.8%)"
Texas,Ector,0.0295222539812168,0.0307718755372184,3.07718755372184,2.95222539812168,-0.12496215560015989,"- **Ector, Texas**: -0.1% (from 3.1% to 3.0%)"
New Jersey,Cumberland,0.0427215189873417,0.0440658716638273,4.40658716638273,4.27215189873417,-0.13443526764856006,"- **Cumberland, New Jersey**: -0.1% (from 4.4% to 4.3%)"
California,Imperial,0.0171119667094465,0.0184915607664161,1.8491560766416102,1.71119667094465,-0.1379594056969602,"- **Imperial, California**: -0.1% (from 1.8% to 1.7%)"
New Jersey,Hudson,0.0254091583216305,0.0268835176137824,2.68835176137824,2.54091583216305,-0.1474359292151899,"- **Hudson, New Jersey**: -0.1% (from 2.7% to 2.5%)"
Wyoming,Laramie,0.0218072241386146,0.0234483304947122,2.34483304947122,2.18072241386146,-0.16411063560975991,"- **Laramie, Wyoming**: -0.2% (from 2.3% to 2.2%)"
North Carolina,Robeson,0.0747994777093825,0.0764642612691894,7.64642612691894,7.47994777093825,-0.16647835598068994,"- **Robeson, North Carolina**: -0.2% (from 7.6% to 7.5%)"
Wisconsin,La Crosse,0.0273097534833869,0.0289929223160228,2.89929223160228,2.73097534833869,-0.16831688326359018,"- **La Crosse, Wisconsin**: -0.2% (from 2.9% to 2.7%)"
New York,Oswego,0.026152787336545,0.0278494623655914,2.78494623655914,2.6152787336545003,-0.16966750290463972,"- **Oswego, New York**: -0.2% (from 2.8% to 2.6%)"
Georgia,Houston,0.0284774785953592,0.0302623589940242,3.02623589940242,2.84774785953592,-0.17848803986650008,"- **Houston, Georgia**: -0.2% (from 3.0% to 2.8%)"
Missouri,Jasper,0.0476306295350439,0.0494331443814604,4.94331443814604,4.76306295350439,-0.18025148464165053,"- **Jasper, Missouri**: -0.2% (from 4.9% to 4.8%)"
Alabama,Jefferson,0.0271131263806534,0.0289331796677922,2.89331796677922,2.71131263806534,-0.18200532871387987,"- **Jefferson, Alabama**: -0.2% (from 2.9% to 2.7%)"
North Carolina,Union,0.0269978401727861,0.0290454565891821,2.90454565891821,2.69978401727861,-0.2047616416396001,"- **Union, North Carolina**: -0.2% (from 2.9% to 2.7%)"
New York,Onondaga,0.0257406949987649,0.0279136995928975,2.79136995928975,2.5740694998764897,-0.21730045941326015,"- **Onondaga, New York**: -0.2% (from 2.8% to 2.6%)"
North Carolina,Davidson,0.0222632704647093,0.0245608737228848,2.45608737228848,2.22632704647093,-0.22976032581755002,"- **Davidson, North Carolina**: -0.2% (from 2.5% to 2.2%)"
Texas,Comal,0.0358734957047467,0.0384067766062899,3.8406776606289896,3.58734957047467,-0.2533280901543198,"- **Comal, Texas**: -0.3% (from 3.8% to 3.6%)"
Texas,Potter,0.046348679088597,0.0488958170953494,4.889581709534941,4.6348679088597,-0.2547138006752405,"- **Potter, Texas**: -0.3% (from 4.9% to 4.6%)"
New York,Ontario,0.0163421078383403,0.0190406265296133,1.9040626529613298,1.63421078383403,-0.26985186912729975,"- **Ontario, New York**: -0.3% (from 1.9% to 1.6%)"
Utah,Cache,0.0289163700414663,0.0316503391107761,3.1650339110776105,2.89163700414663,-0.2733969069309805,"- **Cache, Utah**: -0.3% (from 3.2% to 2.9%)"
Pennsylvania,Franklin,0.0264795445518337,0.0293759718747887,2.93759718747887,2.64795445518337,-0.28964273229549997,"- **Franklin, Pennsylvania**: -0.3% (from 2.9% to 2.6%)"
Wisconsin,Dane,0.028193920790097,0.0311001987606687,3.11001987606687,2.8193920790097,-0.29062779705717023,"- **Dane, Wisconsin**: -0.3% (from 3.1% to 2.8%)"
Ohio,Cuyahoga,0.0498199544042574,0.0527899137830834,5.27899137830834,4.98199544042574,-0.2969959378825999,"- **Cuyahoga, Ohio**: -0.3% (from 5.3% to 5.0%)"
Minnesota,Saint Louis,0.0541428665946232,0.0572419582891481,5.72419582891481,5.41428665946232,-0.3099091694524896,"- **Saint Louis, Minnesota**: -0.3% (from 5.7% to 5.4%)"
Illinois,La Salle,0.0548738767504447,0.0579883838849451,5.79883838849451,5.48738767504447,-0.31145071345004016,"- **La Salle, Illinois**: -0.3% (from 5.8% to 5.5%)"
Kentucky,Warren,0.0675565241078725,0.0713202460190412,7.132024601904121,6.755652410787249,-0.3763721911168716,"- **Warren, Kentucky**: -0.4% (from 7.1% to 6.8%)"
Michigan,Saint Clair,0.0278708331045087,0.0316380430874747,3.16380430874747,2.7870833104508703,-0.3767209982965998,"- **Saint Clair, Michigan**: -0.4% (from 3.2% to 2.8%)"
Texas,Randall,0.0330011000366678,0.0368046419053402,3.68046419053402,3.30011000366678,-0.38035418686724,"- **Randall, Texas**: -0.4% (from 3.7% to 3.3%)"
Wisconsin,Walworth,0.0326409495548961,0.0365718224639068,3.65718224639068,3.2640949554896097,-0.3930872909010703,"- **Walworth, Wisconsin**: -0.4% (from 3.7% to 3.3%)"
Pennsylvania,Blair,0.0763256944113583,0.0803664791116865,8.03664791116865,7.632569441135829,-0.4040784700328208,"- **Blair, Pennsylvania**: -0.4% (from 8.0% to 7.6%)"
Georgia,Fulton,0.0326163385323446,0.0367597823602763,3.67597823602763,3.26163385323446,-0.4143443827931699,"- **Fulton, Georgia**: -0.4% (from 3.7% to 3.3%)"
New Jersey,Atlantic,0.0232140585016894,0.0274292091745482,2.74292091745482,2.32140585016894,-0.42151506728587984,"- **Atlantic, New Jersey**: -0.4% (from 2.7% to 2.3%)"
South Carolina,Horry,0.0215365337927793,0.0258045286631682,2.5804528663168202,2.15365337927793,-0.42679948703889004,"- **Horry, South Carolina**: -0.4% (from 2.6% to 2.2%)"
Michigan,Genesee,0.0458622853291812,0.0502337005770973,5.02337005770973,4.58622853291812,-0.4371415247916106,"- **Genesee, Michigan**: -0.4% (from 5.0% to 4.6%)"
South Carolina,Pickens,0.0235046892633381,0.0279965718483451,2.79965718483451,2.35046892633381,-0.4491882585007003,"- **Pickens, South Carolina**: -0.4% (from 2.8% to 2.4%)"
Texas,Smith,0.0399277029247453,0.0444392848850708,4.44392848850708,3.9927702924745296,-0.45115819603255014,"- **Smith, Texas**: -0.5% (from 4.4% to 4.0%)"
Kansas,Johnson,0.0593216741658884,0.0645647585820734,6.45647585820734,5.93216741658884,-0.5243084416185004,"- **Johnson, Kansas**: -0.5% (from 6.5% to 5.9%)"
Pennsylvania,Chester,0.0191586648376771,0.0246176513471411,2.4617651347141103,1.91586648376771,-0.5458986509464003,"- **Chester, Pennsylvania**: -0.5% (from 2.5% to 1.9%)"
Missouri,Jackson,0.0460107463764844,0.0517259817523794,5.1725981752379395,4.6010746376484395,-0.5715235375895,"- **Jackson, Missouri**: -0.6% (from 5.2% to 4.6%)"
Louisiana,Lafayette,0.065906556997707,0.0717769433294488,7.1776943329448795,6.590655699770701,-0.5870386331741786,"- **Lafayette, Louisiana**: -0.6% (from 7.2% to 6.6%)"
Oklahoma,Canadian,0.0333350233218414,0.039269000496745,3.9269000496745,3.33350233218414,-0.59339771749036,"- **Canadian, Oklahoma**: -0.6% (from 3.9% to 3.3%)"
Washington,Skagit,0.0179321141393296,0.0240039247292988,2.4003924729298802,1.7932114139329598,-0.6071810589969204,"- **Skagit, Washington**: -0.6% (from 2.4% to 1.8%)"
Iowa,Dallas,0.0499076819784031,0.0561409670998712,5.61409670998712,4.99076819784031,-0.6233285121468102,"- **Dallas, Iowa**: -0.6% (from 5.6% to 5.0%)"
Arkansas,Garland,0.0382047637506999,0.0448040367132106,4.48040367132106,3.82047637506999,-0.65992729625107,"- **Garland, Arkansas**: -0.7% (from 4.5% to 3.8%)"
Texas,El Paso,0.0167797809884665,0.0238447464872926,2.38447464872926,1.6779780988466502,-0.7064965498826099,"- **El Paso, Texas**: -0.7% (from 2.4% to 1.7%)"
South Dakota,Minnehaha,0.0354348528936307,0.0426516255783002,4.26516255783002,3.54348528936307,-0.7216772684669497,"- **Minnehaha, South Dakota**: -0.7% (from 4.3% to 3.5%)"
New York,Rockland,0.0125179779470516,0.019888707497323,1.9888707497323002,1.25179779470516,-0.7370729550271402,"- **Rockland, New York**: -0.7% (from 2.0% to 1.3%)"
Texas,Denton,0.0188596291748154,0.0264310874577588,2.64310874577588,1.8859629174815402,-0.7571458282943397,"- **Denton, Texas**: -0.8% (from 2.6% to 1.9%)"
New York,Westchester,0.0200554087642706,0.0279812982866265,2.79812982866265,2.0055408764270597,-0.7925889522355902,"- **Westchester, New York**: -0.8% (from 2.8% to 2.0%)"
South Carolina,Spartanburg,0.027457888036946,0.0356493886476331,3.5649388647633096,2.7457888036946003,-0.8191500610687092,"- **Spartanburg, South Carolina**: -0.8% (from 3.6% to 2.7%)"
Louisiana,Caddo,0.1252491092457274,0.1338643212989728,13.38643212989728,12.52491092457274,-0.8615212053245394,"- **Caddo, Louisiana**: -0.9% (from 13.4% to 12.5%)"
Illinois,Lake,0.029658925074188,0.0382980109795233,3.8298010979523305,2.9658925074188,-0.8639085905335304,"- **Lake, Illinois**: -0.9% (from 3.8% to 3.0%)"
Virginia,Spotsylvania,0.0231888693427154,0.0334657908252912,3.3465790825291197,2.3188869342715397,-1.02769214825758,"- **Spotsylvania, Virginia**: -1.0% (from 3.3% to 2.3%)"
Michigan,Berrien,0.0284593724859211,0.0389649923896499,3.89649923896499,2.8459372485921097,-1.0505619903728802,"- **Berrien, Michigan**: -1.1% (from 3.9% to 2.8%)"
Tennessee,Williamson,0.0141353974541166,0.0255181038589804,2.5518103858980403,1.41353974541166,-1.1382706404863803,"- **Williamson, Tennessee**: -1.1% (from 2.6% to 1.4%)"
Illinois,Madison,0.0561902506881344,0.0680286066006213,6.802860660062129,5.61902506881344,-1.1838355912486893,"- **Madison, Illinois**: -1.2% (from 6.8% to 5.6%)"
South Carolina,York,0.030245673671199,0.04289993067999,4.289993067999,3.0245673671199,-1.2654257008791001,"- **York, South Carolina**: -1.3% (from 4.3% to 3.0%)"
Pennsylvania,Cambria,0.0743949044585987,0.0875098814229249,8.75098814229249,7.43949044585987,-1.3114976964326202,"- **Cambria, Pennsylvania**: -1.3% (from 8.8% to 7.4%)"
Louisiana,East Baton Rouge,0.1190575880682139,0.1368320480447689,13.68320480447689,11.90575880682139,-1.7774459976554997,"- **East Baton Rouge, Louisiana**: -1.8% (from 13.7% to 11.9%)"
South Carolina,Anderson,0.0345052452509214,0.0523812236527287,5.23812236527287,3.4505245250921397,-1.7875978401807306,"- **Anderson, South Carolina**: -1.8% (from 5.2% to 3.5%)"
South Carolina,Greenville,0.0240864105728763,0.0422701790628178,4.227017906281779,2.40864105728763,-1.8183768489941494,"- **Greenville, South Carolina**: -1.8% (from 4.2% to 2.4%)"
Alabama,Mobile,0.0477997175219474,0.0678423808211628,6.78423808211628,4.77997175219474,-2.00426632992154,"- **Mobile, Alabama**: -2.0% (from 6.8% to 4.8%)"
Missouri,Cass,0.0339485269217744,0.0560354088780026,5.603540887800261,3.39485269217744,-2.2086881956228206,"- **Cass, Missouri**: -2.2% (from 5.6% to 3.4%)"
Missouri,Clay,0.0332868247956946,0.0559207216875146,5.59207216875146,3.32868247956946,-2.263389689182,"- **Clay, Missouri**: -2.3% (from 5.6% to 3.3%)"
Ohio,Lucas,0.0585431573227062,0.0833219800181653,8.332198001816531,5.85431573227062,-2.477882269545911,"- **Lucas, Ohio**: -2.5% (from 8.3% to 5.9%)"
nan,nan,,,,,,"- **nan, nan**: nan% (from nan% to nan%)"
nan,nan,0.032,,,3.2,,"- **nan, nan**: nan% (from nan% to 3.2%)"
